date,hv,n,period,post_0.0,post_-0.5,post_-1.0,post_-1.5
2022-01-03,-0.7438135593220339,354,IS (2022-2024),ELEVATED_BAR,ELEVATED_BAR,NORMAL,NORMAL
2022-01-04,-0.7654390934844192,353,IS (2022-2024),ELEVATED_BAR,ELEVATED_BAR,NORMAL,NORMAL
2022-01-05,-0.806741573033708,356,IS (2022-2024),ELEVATED_BAR,ELEVATED_BAR,NORMAL,NORMAL
2022-01-06,-0.8270028011204482,357,IS (2022-2024),ELEVATED_BAR,ELEVATED_BAR,NORMAL,NORMAL
2022-01-07,-0.8006611570247937,363,IS (2022-2024),ELEVATED_BAR,ELEVATED_BAR,NORMAL,NORMAL
2022-01-10,-0.9067966573816155,359,IS (2022-2024),ELEVATED_BAR,ELEVATED_BAR,NORMAL,NORMAL
2022-01-11,-0.9271148459383755,357,IS (2022-2024),ELEVATED_BAR,ELEVATED_BAR,NORMAL,NORMAL
2022-01-12,-0.9998309859154931,355,IS (2022-2024),ELEVATED_BAR,ELEVATED_BAR,NORMAL,NORMAL
2022-01-13,-0.9303631284916201,358,IS (2022-2024),ELEVATED_BAR,ELEVATED_BAR,NORMAL,NORMAL
2022-01-14,-0.9914404432132963,361,IS (2022-2024),ELEVATED_BAR,ELEVATED_BAR,NORMAL,NORMAL
2022-01-17,-0.8937891737891739,351,IS (2022-2024),ELEVATED_BAR,ELEVATED_BAR,NORMAL,NORMAL
2022-01-18,-0.8772079772079773,351,IS (2022-2024),ELEVATED_BAR,ELEVATED_BAR,NORMAL,NORMAL
2022-01-19,-0.6455882352941175,340,IS (2022-2024),ELEVATED_BAR,ELEVATED_BAR,NORMAL,NORMAL
2022-01-20,-0.6430409356725146,342,IS (2022-2024),ELEVATED_BAR,ELEVATED_BAR,NORMAL,NORMAL
2022-01-21,-0.6429360465116278,344,IS (2022-2024),ELEVATED_BAR,ELEVATED_BAR,NORMAL,NORMAL
2022-01-24,-0.4929166666666665,336,IS (2022-2024),ELEVATED_BAR,NORMAL,NORMAL,NORMAL
2022-01-25,-0.5191691394658752,337,IS (2022-2024),ELEVATED_BAR,ELEVATED_BAR,NORMAL,NORMAL
2022-01-26,-0.15368750000000003,320,IS (2022-2024),ELEVATED_BAR,NORMAL,NORMAL,NORMAL
2022-01-27,-0.15368750000000003,320,IS (2022-2024),ELEVATED_BAR,NORMAL,NORMAL,NORMAL
2022-01-28,-0.15368750000000003,320,IS (2022-2024),ELEVATED_BAR,NORMAL,NORMAL,NORMAL
2022-01-31,2.0208333333333335,240,IS (2022-2024),NORMAL,NORMAL,NORMAL,NORMAL
2022-02-01,2.121965811965812,234,IS (2022-2024),NORMAL,NORMAL,NORMAL,NORMAL
2022-02-02,2.1734841628959276,221,IS (2022-2024),NORMAL,NORMAL,NORMAL,NORMAL
2022-02-03,2.1891441441441444,222,IS (2022-2024),NORMAL,NORMAL,NORMAL,NORMAL
2022-02-04,2.1360986547085203,223,IS (2022-2024),NORMAL,NORMAL,NORMAL,NORMAL
2022-02-07,2.257821782178218,202,IS (2022-2024),NORMAL,NORMAL,NORMAL,NORMAL
2022-02-08,2.1021787709497204,179,IS (2022-2024),NORMAL,NORMAL,NORMAL,NORMAL
2022-02-09,1.5840131578947372,152,IS (2022-2024),NORMAL,NORMAL,NORMAL,NORMAL
2022-02-10,1.5840131578947372,152,IS (2022-2024),NORMAL,NORMAL,NORMAL,NORMAL
2022-02-11,1.1449068322981368,161,IS (2022-2024),NORMAL,NORMAL,NORMAL,NORMAL
2022-02-14,0.474214876033058,121,IS (2022-2024),NORMAL,NORMAL,NORMAL,NORMAL
2022-02-15,-0.2671111111111109,90,IS (2022-2024),ELEVATED_BAR,NORMAL,NORMAL,NORMAL
2022-02-16,-0.7838461538461539,78,IS (2022-2024),ELEVATED_BAR,ELEVATED_BAR,NORMAL,NORMAL
2022-02-17,-1.5441379310344825,87,IS (2022-2024),ELEVATED_BAR,ELEVATED_BAR,ELEVATED_BAR,ELEVATED_BAR
2022-02-18,-1.6053846153846154,91,IS (2022-2024),ELEVATED_BAR,ELEVATED_BAR,ELEVATED_BAR,ELEVATED_BAR
2022-02-21,-2.5598571428571426,70,IS (2022-2024),ELEVATED_BAR,ELEVATED_BAR,ELEVATED_BAR,ELEVATED_BAR
2022-02-22,-2.905432098765432,81,IS (2022-2024),ELEVATED_BAR,ELEVATED_BAR,ELEVATED_BAR,ELEVATED_BAR
2022-02-23,-3.7371962616822425,107,IS (2022-2024),ELEVATED_BAR,ELEVATED_BAR,ELEVATED_BAR,ELEVATED_BAR
2022-02-24,-3.6980701754385965,114,IS (2022-2024),ELEVATED_BAR,ELEVATED_BAR,ELEVATED_BAR,ELEVATED_BAR
2022-02-25,-3.6980701754385965,114,IS (2022-2024),ELEVATED_BAR,ELEVATED_BAR,ELEVATED_BAR,ELEVATED_BAR
2022-02-28,-3.8268421052631574,114,IS (2022-2024),ELEVATED_BAR,ELEVATED_BAR,ELEVATED_BAR,ELEVATED_BAR
2022-03-01,-4.368636363636363,132,IS (2022-2024),ELEVATED_BAR,ELEVATED_BAR,ELEVATED_BAR,ELEVATED_BAR
2022-03-02,-4.6792248062015505,129,IS (2022-2024),ELEVATED_BAR,ELEVATED_BAR,ELEVATED_BAR,ELEVATED_BAR
2022-03-03,-4.58557251908397,131,IS (2022-2024),ELEVATED_BAR,ELEVATED_BAR,ELEVATED_BAR,ELEVATED_BAR
2022-03-04,-4.6275,148,IS (2022-2024),ELEVATED_BAR,ELEVATED_BAR,ELEVATED_BAR,ELEVATED_BAR
2022-03-07,-5.485277777777778,180,IS (2022-2024),ELEVATED_BAR,ELEVATED_BAR,ELEVATED_BAR,ELEVATED_BAR
2022-03-08,-5.309949494949495,198,IS (2022-2024),ELEVATED_BAR,ELEVATED_BAR,ELEVATED_BAR,ELEVATED_BAR
2022-03-09,-5.387010309278351,194,IS (2022-2024),ELEVATED_BAR,ELEVATED_BAR,ELEVATED_BAR,ELEVATED_BAR
2022-03-10,-4.979950738916257,203,IS (2022-2024),ELEVATED_BAR,ELEVATED_BAR,ELEVATED_BAR,ELEVATED_BAR
2022-03-11,-4.54504347826087,230,IS (2022-2024),ELEVATED_BAR,ELEVATED_BAR,ELEVATED_BAR,ELEVATED_BAR
2022-03-14,-4.339049586776859,242,IS (2022-2024),ELEVATED_BAR,ELEVATED_BAR,ELEVATED_BAR,ELEVATED_BAR
2022-03-15,-4.44679012345679,243,IS (2022-2024),ELEVATED_BAR,ELEVATED_BAR,ELEVATED_BAR,ELEVATED_BAR
2022-03-16,-4.214214876033058,242,IS (2022-2024),ELEVATED_BAR,ELEVATED_BAR,ELEVATED_BAR,ELEVATED_BAR
2022-03-17,-4.046599190283401,247,IS (2022-2024),ELEVATED_BAR,ELEVATED_BAR,ELEVATED_BAR,ELEVATED_BAR
2022-03-18,-3.671698841698842,259,IS (2022-2024),ELEVATED_BAR,ELEVATED_BAR,ELEVATED_BAR,ELEVATED_BAR
2022-03-21,-3.233828996282528,269,IS (2022-2024),ELEVATED_BAR,ELEVATED_BAR,ELEVATED_BAR,ELEVATED_BAR
2022-03-22,-3.0767647058823533,272,IS (2022-2024),ELEVATED_BAR,ELEVATED_BAR,ELEVATED_BAR,ELEVATED_BAR
2022-03-23,-3.1157195571955723,271,IS (2022-2024),ELEVATED_BAR,ELEVATED_BAR,ELEVATED_BAR,ELEVATED_BAR
2022-03-24,-2.9291756272401432,279,IS (2022-2024),ELEVATED_BAR,ELEVATED_BAR,ELEVATED_BAR,ELEVATED_BAR
2022-03-25,-2.770211267605634,284,IS (2022-2024),ELEVATED_BAR,ELEVATED_BAR,ELEVATED_BAR,ELEVATED_BAR
2022-03-28,-2.495445205479452,292,IS (2022-2024),ELEVATED_BAR,ELEVATED_BAR,ELEVATED_BAR,ELEVATED_BAR
2022-03-29,-2.495445205479452,292,IS (2022-2024),ELEVATED_BAR,ELEVATED_BAR,ELEVATED_BAR,ELEVATED_BAR
2022-03-30,-2.495445205479452,292,IS (2022-2024),ELEVATED_BAR,ELEVATED_BAR,ELEVATED_BAR,ELEVATED_BAR
2022-03-31,-2.2811,300,IS (2022-2024),ELEVATED_BAR,ELEVATED_BAR,ELEVATED_BAR,ELEVATED_BAR
2022-04-01,-2.1621967213114752,305,IS (2022-2024),ELEVATED_BAR,ELEVATED_BAR,ELEVATED_BAR,ELEVATED_BAR
2022-04-04,-2.1926973684210522,304,IS (2022-2024),ELEVATED_BAR,ELEVATED_BAR,ELEVATED_BAR,ELEVATED_BAR
2022-04-05,-1.9624758842443728,311,IS (2022-2024),ELEVATED_BAR,ELEVATED_BAR,ELEVATED_BAR,ELEVATED_BAR
2022-04-06,-1.7893929712460066,313,IS (2022-2024),ELEVATED_BAR,ELEVATED_BAR,ELEVATED_BAR,ELEVATED_BAR
2022-04-07,-1.5169278996865203,319,IS (2022-2024),ELEVATED_BAR,ELEVATED_BAR,ELEVATED_BAR,ELEVATED_BAR
2022-04-08,-1.3724767801857585,323,IS (2022-2024),ELEVATED_BAR,ELEVATED_BAR,ELEVATED_BAR,NORMAL
2022-04-11,-0.9104191616766468,334,IS (2022-2024),ELEVATED_BAR,ELEVATED_BAR,NORMAL,NORMAL
2022-04-12,-0.7189117647058823,340,IS (2022-2024),ELEVATED_BAR,ELEVATED_BAR,NORMAL,NORMAL
2022-04-13,-0.528313253012048,332,IS (2022-2024),ELEVATED_BAR,ELEVATED_BAR,NORMAL,NORMAL
2022-04-14,-0.484417910447761,335,IS (2022-2024),ELEVATED_BAR,NORMAL,NORMAL,NORMAL
2022-04-15,-0.484417910447761,335,IS (2022-2024),ELEVATED_BAR,NORMAL,NORMAL,NORMAL
2022-04-18,-0.3044910179640718,334,IS (2022-2024),ELEVATED_BAR,NORMAL,NORMAL,NORMAL
2022-04-19,-0.08769230769230751,325,IS (2022-2024),ELEVATED_BAR,NORMAL,NORMAL,NORMAL
2022-04-20,-0.05218068535825541,321,IS (2022-2024),ELEVATED_BAR,NORMAL,NORMAL,NORMAL
2022-04-21,-0.004720496894409837,322,IS (2022-2024),ELEVATED_BAR,NORMAL,NORMAL,NORMAL
2022-04-22,0.034674922600619204,323,IS (2022-2024),NORMAL,NORMAL,NORMAL,NORMAL
2022-04-25,0.7898606271777006,287,IS (2022-2024),NORMAL,NORMAL,NORMAL,NORMAL
2022-04-26,0.6174216027874565,287,IS (2022-2024),NORMAL,NORMAL,NORMAL,NORMAL
2022-04-27,0.5836111111111111,288,IS (2022-2024),NORMAL,NORMAL,NORMAL,NORMAL
2022-04-28,0.5836111111111111,288,IS (2022-2024),NORMAL,NORMAL,NORMAL,NORMAL
2022-04-29,0.423754266211604,293,IS (2022-2024),NORMAL,NORMAL,NORMAL,NORMAL
2022-05-02,0.8383393501805055,277,IS (2022-2024),NORMAL,NORMAL,NORMAL,NORMAL
2022-05-03,0.8338545454545455,275,IS (2022-2024),NORMAL,NORMAL,NORMAL,NORMAL
2022-05-04,1.215,258,IS (2022-2024),NORMAL,NORMAL,NORMAL,NORMAL
2022-05-05,1.0216349809885934,263,IS (2022-2024),NORMAL,NORMAL,NORMAL,NORMAL
2022-05-06,0.6163405797101451,276,IS (2022-2024),NORMAL,NORMAL,NORMAL,NORMAL
2022-05-09,0.44750957854406154,261,IS (2022-2024),NORMAL,NORMAL,NORMAL,NORMAL
2022-05-10,-0.018707224334600172,263,IS (2022-2024),ELEVATED_BAR,NORMAL,NORMAL,NORMAL
2022-05-11,-0.9679026217228458,267,IS (2022-2024),ELEVATED_BAR,ELEVATED_BAR,NORMAL,NORMAL
2022-05-12,-1.1041391941391945,273,IS (2022-2024),ELEVATED_BAR,ELEVATED_BAR,ELEVATED_BAR,NORMAL
2022-05-13,-1.1041391941391945,273,IS (2022-2024),ELEVATED_BAR,ELEVATED_BAR,ELEVATED_BAR,NORMAL
2022-05-16,-1.3160784313725495,255,IS (2022-2024),ELEVATED_BAR,ELEVATED_BAR,ELEVATED_BAR,NORMAL
2022-05-17,-1.4561354581673307,251,IS (2022-2024),ELEVATED_BAR,ELEVATED_BAR,ELEVATED_BAR,NORMAL
2022-05-18,-2.06356,250,IS (2022-2024),ELEVATED_BAR,ELEVATED_BAR,ELEVATED_BAR,ELEVATED_BAR
2022-05-19,-2.3339999999999996,260,IS (2022-2024),ELEVATED_BAR,ELEVATED_BAR,ELEVATED_BAR,ELEVATED_BAR
2022-05-20,-2.4671698113207547,265,IS (2022-2024),ELEVATED_BAR,ELEVATED_BAR,ELEVATED_BAR,ELEVATED_BAR
2022-05-23,-3.0439183673469388,245,IS (2022-2024),ELEVATED_BAR,ELEVATED_BAR,ELEVATED_BAR,ELEVATED_BAR
2022-05-24,-3.3198340248962657,241,IS (2022-2024),ELEVATED_BAR,ELEVATED_BAR,ELEVATED_BAR,ELEVATED_BAR
2022-05-25,-3.5409704641350217,237,IS (2022-2024),ELEVATED_BAR,ELEVATED_BAR,ELEVATED_BAR,ELEVATED_BAR
2022-05-26,-3.5409704641350217,237,IS (2022-2024),ELEVATED_BAR,ELEVATED_BAR,ELEVATED_BAR,ELEVATED_BAR
2022-05-27,-3.5409704641350217,237,IS (2022-2024),ELEVATED_BAR,ELEVATED_BAR,ELEVATED_BAR,ELEVATED_BAR
2022-05-30,-3.94295154185022,227,IS (2022-2024),ELEVATED_BAR,ELEVATED_BAR,ELEVATED_BAR,ELEVATED_BAR
2022-05-31,-4.233954545454545,220,IS (2022-2024),ELEVATED_BAR,ELEVATED_BAR,ELEVATED_BAR,ELEVATED_BAR
2022-06-01,-4.431759259259259,216,IS (2022-2024),ELEVATED_BAR,ELEVATED_BAR,ELEVATED_BAR,ELEVATED_BAR
2022-06-02,-4.399634703196347,219,IS (2022-2024),ELEVATED_BAR,ELEVATED_BAR,ELEVATED_BAR,ELEVATED_BAR
2022-06-03,-4.349366515837104,221,IS (2022-2024),ELEVATED_BAR,ELEVATED_BAR,ELEVATED_BAR,ELEVATED_BAR
2022-06-06,-4.754930875576037,217,IS (2022-2024),ELEVATED_BAR,ELEVATED_BAR,ELEVATED_BAR,ELEVATED_BAR
2022-06-07,-5.223755868544601,213,IS (2022-2024),ELEVATED_BAR,ELEVATED_BAR,ELEVATED_BAR,ELEVATED_BAR
2022-06-08,-5.339065420560748,214,IS (2022-2024),ELEVATED_BAR,ELEVATED_BAR,ELEVATED_BAR,ELEVATED_BAR
2022-06-09,-5.044763948497854,233,IS (2022-2024),ELEVATED_BAR,ELEVATED_BAR,ELEVATED_BAR,ELEVATED_BAR
2022-06-10,-4.666044776119403,268,IS (2022-2024),ELEVATED_BAR,ELEVATED_BAR,ELEVATED_BAR,ELEVATED_BAR
2022-06-13,-5.741655629139073,302,IS (2022-2024),ELEVATED_BAR,ELEVATED_BAR,ELEVATED_BAR,ELEVATED_BAR
2022-06-14,-5.860031746031746,315,IS (2022-2024),ELEVATED_BAR,ELEVATED_BAR,ELEVATED_BAR,ELEVATED_BAR
2022-06-15,-5.863406940063092,317,IS (2022-2024),ELEVATED_BAR,ELEVATED_BAR,ELEVATED_BAR,ELEVATED_BAR
2022-06-16,-6.016257485029939,334,IS (2022-2024),ELEVATED_BAR,ELEVATED_BAR,ELEVATED_BAR,ELEVATED_BAR
2022-06-17,-6.043916913946588,337,IS (2022-2024),ELEVATED_BAR,ELEVATED_BAR,ELEVATED_BAR,ELEVATED_BAR
2022-06-20,-6.1989189189189196,333,IS (2022-2024),ELEVATED_BAR,ELEVATED_BAR,ELEVATED_BAR,ELEVATED_BAR
2022-06-21,-6.239583333333333,336,IS (2022-2024),ELEVATED_BAR,ELEVATED_BAR,ELEVATED_BAR,ELEVATED_BAR
2022-06-22,-6.296179104477611,335,IS (2022-2024),ELEVATED_BAR,ELEVATED_BAR,ELEVATED_BAR,ELEVATED_BAR
2022-06-23,-6.2855357142857144,336,IS (2022-2024),ELEVATED_BAR,ELEVATED_BAR,ELEVATED_BAR,ELEVATED_BAR
2022-06-24,-6.2855357142857144,336,IS (2022-2024),ELEVATED_BAR,ELEVATED_BAR,ELEVATED_BAR,ELEVATED_BAR
2022-06-27,-6.2063608562691135,327,IS (2022-2024),ELEVATED_BAR,ELEVATED_BAR,ELEVATED_BAR,ELEVATED_BAR
2022-06-28,-6.213201219512196,328,IS (2022-2024),ELEVATED_BAR,ELEVATED_BAR,ELEVATED_BAR,ELEVATED_BAR
2022-06-29,-6.14354938271605,324,IS (2022-2024),ELEVATED_BAR,ELEVATED_BAR,ELEVATED_BAR,ELEVATED_BAR
2022-06-30,-6.090886850152906,327,IS (2022-2024),ELEVATED_BAR,ELEVATED_BAR,ELEVATED_BAR,ELEVATED_BAR
2022-07-01,-6.073787878787879,330,IS (2022-2024),ELEVATED_BAR,ELEVATED_BAR,ELEVATED_BAR,ELEVATED_BAR
2022-07-04,-6.048861538461539,325,IS (2022-2024),ELEVATED_BAR,ELEVATED_BAR,ELEVATED_BAR,ELEVATED_BAR
2022-07-05,-5.935217391304348,322,IS (2022-2024),ELEVATED_BAR,ELEVATED_BAR,ELEVATED_BAR,ELEVATED_BAR
2022-07-06,-5.85425806451613,310,IS (2022-2024),ELEVATED_BAR,ELEVATED_BAR,ELEVATED_BAR,ELEVATED_BAR
2022-07-07,-5.780416666666666,312,IS (2022-2024),ELEVATED_BAR,ELEVATED_BAR,ELEVATED_BAR,ELEVATED_BAR
2022-07-08,-5.780416666666666,312,IS (2022-2024),ELEVATED_BAR,ELEVATED_BAR,ELEVATED_BAR,ELEVATED_BAR
2022-07-11,-4.448281938325991,227,IS (2022-2024),ELEVATED_BAR,ELEVATED_BAR,ELEVATED_BAR,ELEVATED_BAR
2022-07-12,-4.272152466367713,223,IS (2022-2024),ELEVATED_BAR,ELEVATED_BAR,ELEVATED_BAR,ELEVATED_BAR
2022-07-13,-4.272152466367713,223,IS (2022-2024),ELEVATED_BAR,ELEVATED_BAR,ELEVATED_BAR,ELEVATED_BAR
2022-07-14,-4.272152466367713,223,IS (2022-2024),ELEVATED_BAR,ELEVATED_BAR,ELEVATED_BAR,ELEVATED_BAR
2022-07-15,-4.2213392857142855,224,IS (2022-2024),ELEVATED_BAR,ELEVATED_BAR,ELEVATED_BAR,ELEVATED_BAR
2022-07-18,-3.8463981042654036,211,IS (2022-2024),ELEVATED_BAR,ELEVATED_BAR,ELEVATED_BAR,ELEVATED_BAR
2022-07-19,-3.585273631840796,201,IS (2022-2024),ELEVATED_BAR,ELEVATED_BAR,ELEVATED_BAR,ELEVATED_BAR
2022-07-20,-3.4371428571428573,196,IS (2022-2024),ELEVATED_BAR,ELEVATED_BAR,ELEVATED_BAR,ELEVATED_BAR
2022-07-21,-3.3932828282828282,198,IS (2022-2024),ELEVATED_BAR,ELEVATED_BAR,ELEVATED_BAR,ELEVATED_BAR
2022-07-22,-3.3157,200,IS (2022-2024),ELEVATED_BAR,ELEVATED_BAR,ELEVATED_BAR,ELEVATED_BAR
2022-07-25,-3.223453608247423,194,IS (2022-2024),ELEVATED_BAR,ELEVATED_BAR,ELEVATED_BAR,ELEVATED_BAR
2022-07-26,-3.1718974358974363,195,IS (2022-2024),ELEVATED_BAR,ELEVATED_BAR,ELEVATED_BAR,ELEVATED_BAR
2022-07-27,-3.1139795918367352,196,IS (2022-2024),ELEVATED_BAR,ELEVATED_BAR,ELEVATED_BAR,ELEVATED_BAR
2022-07-28,-3.1139795918367352,196,IS (2022-2024),ELEVATED_BAR,ELEVATED_BAR,ELEVATED_BAR,ELEVATED_BAR
2022-07-29,-3.1139795918367352,196,IS (2022-2024),ELEVATED_BAR,ELEVATED_BAR,ELEVATED_BAR,ELEVATED_BAR
2022-08-01,-3.182113402061856,194,IS (2022-2024),ELEVATED_BAR,ELEVATED_BAR,ELEVATED_BAR,ELEVATED_BAR
2022-08-02,-3.1152331606217616,193,IS (2022-2024),ELEVATED_BAR,ELEVATED_BAR,ELEVATED_BAR,ELEVATED_BAR
2022-08-03,-3.159947643979058,191,IS (2022-2024),ELEVATED_BAR,ELEVATED_BAR,ELEVATED_BAR,ELEVATED_BAR
2022-08-04,-3.0836082474226805,194,IS (2022-2024),ELEVATED_BAR,ELEVATED_BAR,ELEVATED_BAR,ELEVATED_BAR
2022-08-05,-3.0836082474226805,194,IS (2022-2024),ELEVATED_BAR,ELEVATED_BAR,ELEVATED_BAR,ELEVATED_BAR
2022-08-08,-3.401657458563536,181,IS (2022-2024),ELEVATED_BAR,ELEVATED_BAR,ELEVATED_BAR,ELEVATED_BAR
2022-08-09,-3.4821084337349397,166,IS (2022-2024),ELEVATED_BAR,ELEVATED_BAR,ELEVATED_BAR,ELEVATED_BAR
2022-08-10,-3.735606060606061,132,IS (2022-2024),ELEVATED_BAR,ELEVATED_BAR,ELEVATED_BAR,ELEVATED_BAR
2022-08-11,-3.735606060606061,132,IS (2022-2024),ELEVATED_BAR,ELEVATED_BAR,ELEVATED_BAR,ELEVATED_BAR
2022-08-12,-3.517686567164179,134,IS (2022-2024),ELEVATED_BAR,ELEVATED_BAR,ELEVATED_BAR,ELEVATED_BAR
2022-08-15,-1.37125,64,IS (2022-2024),ELEVATED_BAR,ELEVATED_BAR,ELEVATED_BAR,NORMAL
2022-08-16,1.4304166666666667,48,IS (2022-2024),NORMAL,NORMAL,NORMAL,NORMAL
2022-08-17,1.6587500000000002,48,IS (2022-2024),NORMAL,NORMAL,NORMAL,NORMAL
2022-08-18,1.6587500000000002,48,IS (2022-2024),NORMAL,NORMAL,NORMAL,NORMAL
2022-08-19,1.6647169811320752,53,IS (2022-2024),NORMAL,NORMAL,NORMAL,NORMAL
2022-08-22,1.6403225806451611,62,IS (2022-2024),NORMAL,NORMAL,NORMAL,NORMAL
2022-08-23,1.4741791044776118,67,IS (2022-2024),NORMAL,NORMAL,NORMAL,NORMAL
2022-08-24,1.4741791044776118,67,IS (2022-2024),NORMAL,NORMAL,NORMAL,NORMAL
2022-08-25,1.5483823529411769,68,IS (2022-2024),NORMAL,NORMAL,NORMAL,NORMAL
2022-08-26,0.6151807228915663,83,IS (2022-2024),NORMAL,NORMAL,NORMAL,NORMAL
2022-08-29,-0.08656249999999988,96,IS (2022-2024),ELEVATED_BAR,NORMAL,NORMAL,NORMAL
2022-08-30,-0.5721621621621623,111,IS (2022-2024),ELEVATED_BAR,ELEVATED_BAR,NORMAL,NORMAL
2022-08-31,-0.8692125984251968,127,IS (2022-2024),ELEVATED_BAR,ELEVATED_BAR,NORMAL,NORMAL
2022-09-01,-0.8187500000000002,144,IS (2022-2024),ELEVATED_BAR,ELEVATED_BAR,NORMAL,NORMAL
2022-09-02,-1.156258064516129,155,IS (2022-2024),ELEVATED_BAR,ELEVATED_BAR,ELEVATED_BAR,NORMAL
2022-09-05,-1.229736842105263,152,IS (2022-2024),ELEVATED_BAR,ELEVATED_BAR,ELEVATED_BAR,NORMAL
2022-09-06,-1.6186666666666667,180,IS (2022-2024),ELEVATED_BAR,ELEVATED_BAR,ELEVATED_BAR,ELEVATED_BAR
2022-09-07,-1.6452173913043473,184,IS (2022-2024),ELEVATED_BAR,ELEVATED_BAR,ELEVATED_BAR,ELEVATED_BAR
2022-09-08,-1.2628431372549023,204,IS (2022-2024),ELEVATED_BAR,ELEVATED_BAR,ELEVATED_BAR,NORMAL
2022-09-09,-0.8086403508771932,228,IS (2022-2024),ELEVATED_BAR,ELEVATED_BAR,NORMAL,NORMAL
2022-09-12,-0.37107142857142855,252,IS (2022-2024),ELEVATED_BAR,NORMAL,NORMAL,NORMAL
2022-09-13,-0.4180152671755727,262,IS (2022-2024),ELEVATED_BAR,NORMAL,NORMAL,NORMAL
2022-09-14,-0.45014925373134346,268,IS (2022-2024),ELEVATED_BAR,NORMAL,NORMAL,NORMAL
2022-09-15,-0.6356206896551726,290,IS (2022-2024),ELEVATED_BAR,ELEVATED_BAR,NORMAL,NORMAL
2022-09-16,-0.7280781758957656,307,IS (2022-2024),ELEVATED_BAR,ELEVATED_BAR,NORMAL,NORMAL
2022-09-19,-0.5293009118541034,329,IS (2022-2024),ELEVATED_BAR,ELEVATED_BAR,NORMAL,NORMAL
2022-09-20,-0.6097590361445783,332,IS (2022-2024),ELEVATED_BAR,ELEVATED_BAR,NORMAL,NORMAL
2022-09-21,-0.7035311572700297,337,IS (2022-2024),ELEVATED_BAR,ELEVATED_BAR,NORMAL,NORMAL
2022-09-22,-0.8413411078717202,343,IS (2022-2024),ELEVATED_BAR,ELEVATED_BAR,NORMAL,NORMAL
2022-09-23,-0.8646220930232557,344,IS (2022-2024),ELEVATED_BAR,ELEVATED_BAR,NORMAL,NORMAL
2022-09-26,-0.9582848837209303,344,IS (2022-2024),ELEVATED_BAR,ELEVATED_BAR,NORMAL,NORMAL
2022-09-27,-0.9582848837209303,344,IS (2022-2024),ELEVATED_BAR,ELEVATED_BAR,NORMAL,NORMAL
2022-09-28,-0.9582848837209303,344,IS (2022-2024),ELEVATED_BAR,ELEVATED_BAR,NORMAL,NORMAL
2022-09-29,-1.0095965417867434,347,IS (2022-2024),ELEVATED_BAR,ELEVATED_BAR,ELEVATED_BAR,NORMAL
2022-09-30,-1.0314942528735631,348,IS (2022-2024),ELEVATED_BAR,ELEVATED_BAR,ELEVATED_BAR,NORMAL
2022-10-03,-1.0748991354466861,347,IS (2022-2024),ELEVATED_BAR,ELEVATED_BAR,ELEVATED_BAR,NORMAL
2022-10-04,-1.0997674418604648,344,IS (2022-2024),ELEVATED_BAR,ELEVATED_BAR,ELEVATED_BAR,NORMAL
2022-10-05,-1.0997674418604648,344,IS (2022-2024),ELEVATED_BAR,ELEVATED_BAR,ELEVATED_BAR,NORMAL
2022-10-06,-1.1078260869565215,345,IS (2022-2024),ELEVATED_BAR,ELEVATED_BAR,ELEVATED_BAR,NORMAL
2022-10-07,-1.1078260869565215,345,IS (2022-2024),ELEVATED_BAR,ELEVATED_BAR,ELEVATED_BAR,NORMAL
2022-10-10,-1.2079411764705885,340,IS (2022-2024),ELEVATED_BAR,ELEVATED_BAR,ELEVATED_BAR,NORMAL
2022-10-11,-1.2079411764705885,340,IS (2022-2024),ELEVATED_BAR,ELEVATED_BAR,ELEVATED_BAR,NORMAL
2022-10-12,-1.2793786982248523,338,IS (2022-2024),ELEVATED_BAR,ELEVATED_BAR,ELEVATED_BAR,NORMAL
2022-10-13,-1.2793786982248523,338,IS (2022-2024),ELEVATED_BAR,ELEVATED_BAR,ELEVATED_BAR,NORMAL
2022-10-14,-1.2793786982248523,338,IS (2022-2024),ELEVATED_BAR,ELEVATED_BAR,ELEVATED_BAR,NORMAL
2022-10-17,-1.262604790419162,334,IS (2022-2024),ELEVATED_BAR,ELEVATED_BAR,ELEVATED_BAR,NORMAL
2022-10-18,-1.262604790419162,334,IS (2022-2024),ELEVATED_BAR,ELEVATED_BAR,ELEVATED_BAR,NORMAL
2022-10-19,-1.3079635258358662,329,IS (2022-2024),ELEVATED_BAR,ELEVATED_BAR,ELEVATED_BAR,NORMAL
2022-10-20,-1.3079635258358662,329,IS (2022-2024),ELEVATED_BAR,ELEVATED_BAR,ELEVATED_BAR,NORMAL
2022-10-21,-1.3079635258358662,329,IS (2022-2024),ELEVATED_BAR,ELEVATED_BAR,ELEVATED_BAR,NORMAL
2022-10-24,-1.35841935483871,310,IS (2022-2024),ELEVATED_BAR,ELEVATED_BAR,ELEVATED_BAR,NORMAL
2022-10-25,-1.3839158576051782,309,IS (2022-2024),ELEVATED_BAR,ELEVATED_BAR,ELEVATED_BAR,NORMAL
2022-10-26,-1.2700680272108844,294,IS (2022-2024),ELEVATED_BAR,ELEVATED_BAR,ELEVATED_BAR,NORMAL
2022-10-27,-1.2570508474576272,295,IS (2022-2024),ELEVATED_BAR,ELEVATED_BAR,ELEVATED_BAR,NORMAL
2022-10-28,-1.2570508474576272,295,IS (2022-2024),ELEVATED_BAR,ELEVATED_BAR,ELEVATED_BAR,NORMAL
2022-10-31,-0.7611934156378598,243,IS (2022-2024),ELEVATED_BAR,ELEVATED_BAR,NORMAL,NORMAL
2022-11-01,-0.7852212389380533,226,IS (2022-2024),ELEVATED_BAR,ELEVATED_BAR,NORMAL,NORMAL
2022-11-02,-0.5481278538812786,219,IS (2022-2024),ELEVATED_BAR,ELEVATED_BAR,NORMAL,NORMAL
2022-11-03,-0.6992410714285718,224,IS (2022-2024),ELEVATED_BAR,ELEVATED_BAR,NORMAL,NORMAL
2022-11-04,-0.7034497816593884,229,IS (2022-2024),ELEVATED_BAR,ELEVATED_BAR,NORMAL,NORMAL
2022-11-07,-0.2903589743589744,195,IS (2022-2024),ELEVATED_BAR,NORMAL,NORMAL,NORMAL
2022-11-08,-0.7023295454545454,176,IS (2022-2024),ELEVATED_BAR,ELEVATED_BAR,NORMAL,NORMAL
2022-11-09,-1.295131578947368,152,IS (2022-2024),ELEVATED_BAR,ELEVATED_BAR,ELEVATED_BAR,NORMAL
2022-11-10,-1.2288888888888887,153,IS (2022-2024),ELEVATED_BAR,ELEVATED_BAR,ELEVATED_BAR,NORMAL
2022-11-11,-1.1341025641025642,156,IS (2022-2024),ELEVATED_BAR,ELEVATED_BAR,ELEVATED_BAR,NORMAL
2022-11-14,-2.137565217391304,115,IS (2022-2024),ELEVATED_BAR,ELEVATED_BAR,ELEVATED_BAR,ELEVATED_BAR
2022-11-15,-1.7542268041237112,97,IS (2022-2024),ELEVATED_BAR,ELEVATED_BAR,ELEVATED_BAR,ELEVATED_BAR
2022-11-16,-0.8412941176470589,85,IS (2022-2024),ELEVATED_BAR,ELEVATED_BAR,NORMAL,NORMAL
2022-11-17,-0.2682417582417582,91,IS (2022-2024),ELEVATED_BAR,NORMAL,NORMAL,NORMAL
2022-11-18,0.10326315789473674,95,IS (2022-2024),NORMAL,NORMAL,NORMAL,NORMAL
2022-11-21,1.0032307692307691,65,IS (2022-2024),NORMAL,NORMAL,NORMAL,NORMAL
2022-11-22,1.9779661016949153,59,IS (2022-2024),NORMAL,NORMAL,NORMAL,NORMAL
2022-11-23,2.1646551724137932,58,IS (2022-2024),NORMAL,NORMAL,NORMAL,NORMAL
2022-11-24,2.1646551724137932,58,IS (2022-2024),NORMAL,NORMAL,NORMAL,NORMAL
2022-11-25,2.3430000000000004,60,IS (2022-2024),NORMAL,NORMAL,NORMAL,NORMAL
2022-11-28,3.2058208955223884,67,IS (2022-2024),NORMAL,NORMAL,NORMAL,NORMAL
2022-11-29,3.8636986301369856,73,IS (2022-2024),NORMAL,NORMAL,NORMAL,NORMAL
2022-11-30,4.506447368421054,76,IS (2022-2024),NORMAL,NORMAL,NORMAL,NORMAL
2022-12-01,5.482790697674419,86,IS (2022-2024),NORMAL,NORMAL,NORMAL,NORMAL
2022-12-02,6.701354166666666,96,IS (2022-2024),NORMAL,NORMAL,NORMAL,NORMAL
2022-12-05,6.968148148148149,108,IS (2022-2024),NORMAL,NORMAL,NORMAL,NORMAL
2022-12-06,7.019166666666666,120,IS (2022-2024),NORMAL,NORMAL,NORMAL,NORMAL
2022-12-07,6.797439999999999,125,IS (2022-2024),NORMAL,NORMAL,NORMAL,NORMAL
2022-12-08,6.66523489932886,149,IS (2022-2024),NORMAL,NORMAL,NORMAL,NORMAL
2022-12-09,6.562298850574713,174,IS (2022-2024),NORMAL,NORMAL,NORMAL,NORMAL
2022-12-12,6.666237623762376,202,IS (2022-2024),NORMAL,NORMAL,NORMAL,NORMAL
2022-12-13,6.611523809523809,210,IS (2022-2024),NORMAL,NORMAL,NORMAL,NORMAL
2022-12-14,6.680183486238531,218,IS (2022-2024),NORMAL,NORMAL,NORMAL,NORMAL
2022-12-15,6.57216,250,IS (2022-2024),NORMAL,NORMAL,NORMAL,NORMAL
2022-12-16,6.366728624535316,269,IS (2022-2024),NORMAL,NORMAL,NORMAL,NORMAL
2022-12-19,6.012020547945205,292,IS (2022-2024),NORMAL,NORMAL,NORMAL,NORMAL
2022-12-20,5.927617449664429,298,IS (2022-2024),NORMAL,NORMAL,NORMAL,NORMAL
2022-12-21,5.958327759197324,299,IS (2022-2024),NORMAL,NORMAL,NORMAL,NORMAL
2022-12-22,5.8414705882352935,306,IS (2022-2024),NORMAL,NORMAL,NORMAL,NORMAL
2022-12-23,5.786893203883495,309,IS (2022-2024),NORMAL,NORMAL,NORMAL,NORMAL
2022-12-26,5.786893203883495,309,IS (2022-2024),NORMAL,NORMAL,NORMAL,NORMAL
2022-12-27,5.773493589743589,312,IS (2022-2024),NORMAL,NORMAL,NORMAL,NORMAL
2022-12-28,5.7270607028753995,313,IS (2022-2024),NORMAL,NORMAL,NORMAL,NORMAL
2022-12-29,5.691904761904762,315,IS (2022-2024),NORMAL,NORMAL,NORMAL,NORMAL
2022-12-30,5.582884012539185,319,IS (2022-2024),NORMAL,NORMAL,NORMAL,NORMAL
2023-01-02,5.658694267515924,314,IS (2022-2024),NORMAL,NORMAL,NORMAL,NORMAL
2023-01-03,5.857556270096462,311,IS (2022-2024),NORMAL,NORMAL,NORMAL,NORMAL
2023-01-04,5.926148867313915,309,IS (2022-2024),NORMAL,NORMAL,NORMAL,NORMAL
2023-01-05,5.926148867313915,309,IS (2022-2024),NORMAL,NORMAL,NORMAL,NORMAL
2023-01-06,5.850415335463258,313,IS (2022-2024),NORMAL,NORMAL,NORMAL,NORMAL
2023-01-09,5.86968152866242,314,IS (2022-2024),NORMAL,NORMAL,NORMAL,NORMAL
2023-01-10,5.860191693290735,313,IS (2022-2024),NORMAL,NORMAL,NORMAL,NORMAL
2023-01-11,5.88109677419355,310,IS (2022-2024),NORMAL,NORMAL,NORMAL,NORMAL
2023-01-12,5.831314102564104,312,IS (2022-2024),NORMAL,NORMAL,NORMAL,NORMAL
2023-01-13,5.8056869009584675,313,IS (2022-2024),NORMAL,NORMAL,NORMAL,NORMAL
2023-01-16,5.773388704318937,301,IS (2022-2024),NORMAL,NORMAL,NORMAL,NORMAL
2023-01-17,5.704074074074073,297,IS (2022-2024),NORMAL,NORMAL,NORMAL,NORMAL
2023-01-18,5.665153583617747,293,IS (2022-2024),NORMAL,NORMAL,NORMAL,NORMAL
2023-01-19,5.5797288135593215,295,IS (2022-2024),NORMAL,NORMAL,NORMAL,NORMAL
2023-01-20,5.533513513513513,296,IS (2022-2024),NORMAL,NORMAL,NORMAL,NORMAL
2023-01-23,5.376360544217687,294,IS (2022-2024),NORMAL,NORMAL,NORMAL,NORMAL
2023-01-24,5.376360544217687,294,IS (2022-2024),NORMAL,NORMAL,NORMAL,NORMAL
2023-01-25,5.382116040955632,293,IS (2022-2024),NORMAL,NORMAL,NORMAL,NORMAL
2023-01-26,5.382116040955632,293,IS (2022-2024),NORMAL,NORMAL,NORMAL,NORMAL
2023-01-27,5.375661016949152,295,IS (2022-2024),NORMAL,NORMAL,NORMAL,NORMAL
2023-01-30,5.268654545454545,275,IS (2022-2024),NORMAL,NORMAL,NORMAL,NORMAL
2023-01-31,5.01191011235955,267,IS (2022-2024),NORMAL,NORMAL,NORMAL,NORMAL
2023-02-01,4.5384046692607,257,IS (2022-2024),NORMAL,NORMAL,NORMAL,NORMAL
2023-02-02,4.672076923076922,260,IS (2022-2024),NORMAL,NORMAL,NORMAL,NORMAL
2023-02-03,4.646858237547892,261,IS (2022-2024),NORMAL,NORMAL,NORMAL,NORMAL
2023-02-06,4.346926406926406,231,IS (2022-2024),NORMAL,NORMAL,NORMAL,NORMAL
2023-02-07,4.1462980769230775,208,IS (2022-2024),NORMAL,NORMAL,NORMAL,NORMAL
2023-02-08,3.900054644808743,183,IS (2022-2024),NORMAL,NORMAL,NORMAL,NORMAL
2023-02-09,3.750695187165775,187,IS (2022-2024),NORMAL,NORMAL,NORMAL,NORMAL
2023-02-10,3.750695187165775,187,IS (2022-2024),NORMAL,NORMAL,NORMAL,NORMAL
2023-02-13,2.7556737588652482,141,IS (2022-2024),NORMAL,NORMAL,NORMAL,NORMAL
2023-02-14,1.8512844036697247,109,IS (2022-2024),NORMAL,NORMAL,NORMAL,NORMAL
2023-02-15,1.4686666666666663,90,IS (2022-2024),NORMAL,NORMAL,NORMAL,NORMAL
2023-02-16,1.3792391304347826,92,IS (2022-2024),NORMAL,NORMAL,NORMAL,NORMAL
2023-02-17,1.158085106382979,94,IS (2022-2024),NORMAL,NORMAL,NORMAL,NORMAL
2023-02-20,0.6245312499999998,64,IS (2022-2024),NORMAL,NORMAL,NORMAL,NORMAL
2023-02-21,-0.04953846153846157,65,IS (2022-2024),ELEVATED_BAR,NORMAL,NORMAL,NORMAL
2023-02-22,-0.44153846153846155,65,IS (2022-2024),ELEVATED_BAR,NORMAL,NORMAL,NORMAL
2023-02-23,-0.4935820895522387,67,IS (2022-2024),ELEVATED_BAR,NORMAL,NORMAL,NORMAL
2023-02-24,-1.4943421052631578,76,IS (2022-2024),ELEVATED_BAR,ELEVATED_BAR,ELEVATED_BAR,NORMAL
2023-02-27,-1.6980281690140842,71,IS (2022-2024),ELEVATED_BAR,ELEVATED_BAR,ELEVATED_BAR,ELEVATED_BAR
2023-02-28,-2.133424657534247,73,IS (2022-2024),ELEVATED_BAR,ELEVATED_BAR,ELEVATED_BAR,ELEVATED_BAR
2023-03-01,-2.160126582278481,79,IS (2022-2024),ELEVATED_BAR,ELEVATED_BAR,ELEVATED_BAR,ELEVATED_BAR
2023-03-02,-1.8817283950617283,81,IS (2022-2024),ELEVATED_BAR,ELEVATED_BAR,ELEVATED_BAR,ELEVATED_BAR
2023-03-03,-1.9167073170731705,82,IS (2022-2024),ELEVATED_BAR,ELEVATED_BAR,ELEVATED_BAR,ELEVATED_BAR
2023-03-06,-2.136463414634146,82,IS (2022-2024),ELEVATED_BAR,ELEVATED_BAR,ELEVATED_BAR,ELEVATED_BAR
2023-03-07,-2.522608695652174,92,IS (2022-2024),ELEVATED_BAR,ELEVATED_BAR,ELEVATED_BAR,ELEVATED_BAR
2023-03-08,-2.8688297872340427,94,IS (2022-2024),ELEVATED_BAR,ELEVATED_BAR,ELEVATED_BAR,ELEVATED_BAR
2023-03-09,-3.590416666666667,120,IS (2022-2024),ELEVATED_BAR,ELEVATED_BAR,ELEVATED_BAR,ELEVATED_BAR
2023-03-10,-4.466050955414013,157,IS (2022-2024),ELEVATED_BAR,ELEVATED_BAR,ELEVATED_BAR,ELEVATED_BAR
2023-03-13,-4.835783783783784,185,IS (2022-2024),ELEVATED_BAR,ELEVATED_BAR,ELEVATED_BAR,ELEVATED_BAR
2023-03-14,-4.838641304347826,184,IS (2022-2024),ELEVATED_BAR,ELEVATED_BAR,ELEVATED_BAR,ELEVATED_BAR
2023-03-15,-5.061161616161617,198,IS (2022-2024),ELEVATED_BAR,ELEVATED_BAR,ELEVATED_BAR,ELEVATED_BAR
2023-03-16,-4.820384615384615,208,IS (2022-2024),ELEVATED_BAR,ELEVATED_BAR,ELEVATED_BAR,ELEVATED_BAR
2023-03-17,-4.965758928571428,224,IS (2022-2024),ELEVATED_BAR,ELEVATED_BAR,ELEVATED_BAR,ELEVATED_BAR
2023-03-20,-4.784595744680852,235,IS (2022-2024),ELEVATED_BAR,ELEVATED_BAR,ELEVATED_BAR,ELEVATED_BAR
2023-03-21,-4.660336134453781,238,IS (2022-2024),ELEVATED_BAR,ELEVATED_BAR,ELEVATED_BAR,ELEVATED_BAR
2023-03-22,-4.719502074688797,241,IS (2022-2024),ELEVATED_BAR,ELEVATED_BAR,ELEVATED_BAR,ELEVATED_BAR
2023-03-23,-4.679600000000001,250,IS (2022-2024),ELEVATED_BAR,ELEVATED_BAR,ELEVATED_BAR,ELEVATED_BAR
2023-03-24,-4.634730769230769,260,IS (2022-2024),ELEVATED_BAR,ELEVATED_BAR,ELEVATED_BAR,ELEVATED_BAR
2023-03-27,-4.6596183206106865,262,IS (2022-2024),ELEVATED_BAR,ELEVATED_BAR,ELEVATED_BAR,ELEVATED_BAR
2023-03-28,-4.6596183206106865,262,IS (2022-2024),ELEVATED_BAR,ELEVATED_BAR,ELEVATED_BAR,ELEVATED_BAR
2023-03-29,-4.60148288973384,263,IS (2022-2024),ELEVATED_BAR,ELEVATED_BAR,ELEVATED_BAR,ELEVATED_BAR
2023-03-30,-4.580792452830188,265,IS (2022-2024),ELEVATED_BAR,ELEVATED_BAR,ELEVATED_BAR,ELEVATED_BAR
2023-03-31,-4.390661764705882,272,IS (2022-2024),ELEVATED_BAR,ELEVATED_BAR,ELEVATED_BAR,ELEVATED_BAR
2023-04-03,-4.593432835820895,268,IS (2022-2024),ELEVATED_BAR,ELEVATED_BAR,ELEVATED_BAR,ELEVATED_BAR
2023-04-04,-4.624944649446495,271,IS (2022-2024),ELEVATED_BAR,ELEVATED_BAR,ELEVATED_BAR,ELEVATED_BAR
2023-04-05,-4.5507326007326006,273,IS (2022-2024),ELEVATED_BAR,ELEVATED_BAR,ELEVATED_BAR,ELEVATED_BAR
2023-04-06,-4.407330960854092,281,IS (2022-2024),ELEVATED_BAR,ELEVATED_BAR,ELEVATED_BAR,ELEVATED_BAR
2023-04-07,-4.407330960854092,281,IS (2022-2024),ELEVATED_BAR,ELEVATED_BAR,ELEVATED_BAR,ELEVATED_BAR
2023-04-10,-3.9946416382252563,293,IS (2022-2024),ELEVATED_BAR,ELEVATED_BAR,ELEVATED_BAR,ELEVATED_BAR
2023-04-11,-3.9740689655172416,290,IS (2022-2024),ELEVATED_BAR,ELEVATED_BAR,ELEVATED_BAR,ELEVATED_BAR
2023-04-12,-3.9491065292096224,291,IS (2022-2024),ELEVATED_BAR,ELEVATED_BAR,ELEVATED_BAR,ELEVATED_BAR
2023-04-13,-3.6858193979933107,299,IS (2022-2024),ELEVATED_BAR,ELEVATED_BAR,ELEVATED_BAR,ELEVATED_BAR
2023-04-14,-3.6013531353135315,303,IS (2022-2024),ELEVATED_BAR,ELEVATED_BAR,ELEVATED_BAR,ELEVATED_BAR
2023-04-17,-3.5100651465798043,307,IS (2022-2024),ELEVATED_BAR,ELEVATED_BAR,ELEVATED_BAR,ELEVATED_BAR
2023-04-18,-3.5157377049180325,305,IS (2022-2024),ELEVATED_BAR,ELEVATED_BAR,ELEVATED_BAR,ELEVATED_BAR
2023-04-19,-3.4651803278688527,305,IS (2022-2024),ELEVATED_BAR,ELEVATED_BAR,ELEVATED_BAR,ELEVATED_BAR
2023-04-20,-3.4246579804560255,307,IS (2022-2024),ELEVATED_BAR,ELEVATED_BAR,ELEVATED_BAR,ELEVATED_BAR
2023-04-21,-3.404935064935065,308,IS (2022-2024),ELEVATED_BAR,ELEVATED_BAR,ELEVATED_BAR,ELEVATED_BAR
2023-04-24,-3.22943143812709,299,IS (2022-2024),ELEVATED_BAR,ELEVATED_BAR,ELEVATED_BAR,ELEVATED_BAR
2023-04-25,-3.2364646464646465,297,IS (2022-2024),ELEVATED_BAR,ELEVATED_BAR,ELEVATED_BAR,ELEVATED_BAR
2023-04-26,-3.075813148788927,289,IS (2022-2024),ELEVATED_BAR,ELEVATED_BAR,ELEVATED_BAR,ELEVATED_BAR
2023-04-27,-3.0236896551724137,290,IS (2022-2024),ELEVATED_BAR,ELEVATED_BAR,ELEVATED_BAR,ELEVATED_BAR
2023-04-28,-2.991237113402062,291,IS (2022-2024),ELEVATED_BAR,ELEVATED_BAR,ELEVATED_BAR,ELEVATED_BAR
2023-05-01,-2.84375,280,IS (2022-2024),ELEVATED_BAR,ELEVATED_BAR,ELEVATED_BAR,ELEVATED_BAR
2023-05-02,-3.0252127659574466,282,IS (2022-2024),ELEVATED_BAR,ELEVATED_BAR,ELEVATED_BAR,ELEVATED_BAR
2023-05-03,-3.161805555555555,288,IS (2022-2024),ELEVATED_BAR,ELEVATED_BAR,ELEVATED_BAR,ELEVATED_BAR
2023-05-04,-3.3164646464646466,297,IS (2022-2024),ELEVATED_BAR,ELEVATED_BAR,ELEVATED_BAR,ELEVATED_BAR
2023-05-05,-3.3164646464646466,297,IS (2022-2024),ELEVATED_BAR,ELEVATED_BAR,ELEVATED_BAR,ELEVATED_BAR
2023-05-08,-3.1984341637010676,281,IS (2022-2024),ELEVATED_BAR,ELEVATED_BAR,ELEVATED_BAR,ELEVATED_BAR
2023-05-09,-2.9182031250000002,256,IS (2022-2024),ELEVATED_BAR,ELEVATED_BAR,ELEVATED_BAR,ELEVATED_BAR
2023-05-10,-2.1768949771689496,219,IS (2022-2024),ELEVATED_BAR,ELEVATED_BAR,ELEVATED_BAR,ELEVATED_BAR
2023-05-11,-2.188705357142857,224,IS (2022-2024),ELEVATED_BAR,ELEVATED_BAR,ELEVATED_BAR,ELEVATED_BAR
2023-05-12,-2.2443913043478263,230,IS (2022-2024),ELEVATED_BAR,ELEVATED_BAR,ELEVATED_BAR,ELEVATED_BAR
2023-05-15,-1.0832608695652175,184,IS (2022-2024),ELEVATED_BAR,ELEVATED_BAR,ELEVATED_BAR,NORMAL
2023-05-16,-1.3980555555555554,180,IS (2022-2024),ELEVATED_BAR,ELEVATED_BAR,ELEVATED_BAR,NORMAL
2023-05-17,-0.9093939393939393,165,IS (2022-2024),ELEVATED_BAR,ELEVATED_BAR,NORMAL,NORMAL
2023-05-18,-0.9605421686746988,166,IS (2022-2024),ELEVATED_BAR,ELEVATED_BAR,NORMAL,NORMAL
2023-05-19,-0.9605421686746988,166,IS (2022-2024),ELEVATED_BAR,ELEVATED_BAR,NORMAL,NORMAL
2023-05-22,-0.8439310344827585,145,IS (2022-2024),ELEVATED_BAR,ELEVATED_BAR,NORMAL,NORMAL
2023-05-23,-0.8860139860139855,143,IS (2022-2024),ELEVATED_BAR,ELEVATED_BAR,NORMAL,NORMAL
2023-05-24,-1.0097857142857145,140,IS (2022-2024),ELEVATED_BAR,ELEVATED_BAR,ELEVATED_BAR,NORMAL
2023-05-25,-1.5121476510067116,149,IS (2022-2024),ELEVATED_BAR,ELEVATED_BAR,ELEVATED_BAR,ELEVATED_BAR
2023-05-26,-1.5650000000000002,150,IS (2022-2024),ELEVATED_BAR,ELEVATED_BAR,ELEVATED_BAR,ELEVATED_BAR
2023-05-29,-1.7722695035460994,141,IS (2022-2024),ELEVATED_BAR,ELEVATED_BAR,ELEVATED_BAR,ELEVATED_BAR
2023-05-30,-2.0740939597315435,149,IS (2022-2024),ELEVATED_BAR,ELEVATED_BAR,ELEVATED_BAR,ELEVATED_BAR
2023-05-31,-2.6775816993464057,153,IS (2022-2024),ELEVATED_BAR,ELEVATED_BAR,ELEVATED_BAR,ELEVATED_BAR
2023-06-01,-2.654522292993631,157,IS (2022-2024),ELEVATED_BAR,ELEVATED_BAR,ELEVATED_BAR,ELEVATED_BAR
2023-06-02,-2.0595808383233534,167,IS (2022-2024),ELEVATED_BAR,ELEVATED_BAR,ELEVATED_BAR,ELEVATED_BAR
2023-06-05,-2.314074074074074,162,IS (2022-2024),ELEVATED_BAR,ELEVATED_BAR,ELEVATED_BAR,ELEVATED_BAR
2023-06-06,-2.345064102564103,156,IS (2022-2024),ELEVATED_BAR,ELEVATED_BAR,ELEVATED_BAR,ELEVATED_BAR
2023-06-07,-2.0619631901840494,163,IS (2022-2024),ELEVATED_BAR,ELEVATED_BAR,ELEVATED_BAR,ELEVATED_BAR
2023-06-08,-1.0941752577319588,194,IS (2022-2024),ELEVATED_BAR,ELEVATED_BAR,ELEVATED_BAR,NORMAL
2023-06-09,-0.3154867256637169,226,IS (2022-2024),ELEVATED_BAR,NORMAL,NORMAL,NORMAL
2023-06-12,-0.4112096774193549,248,IS (2022-2024),ELEVATED_BAR,NORMAL,NORMAL,NORMAL
2023-06-13,-0.6566255144032922,243,IS (2022-2024),ELEVATED_BAR,ELEVATED_BAR,NORMAL,NORMAL
2023-06-14,-0.5409795918367346,245,IS (2022-2024),ELEVATED_BAR,ELEVATED_BAR,NORMAL,NORMAL
2023-06-15,0.05196296296296309,270,IS (2022-2024),NORMAL,NORMAL,NORMAL,NORMAL
2023-06-16,0.26731958762886604,291,IS (2022-2024),NORMAL,NORMAL,NORMAL,NORMAL
2023-06-19,0.2343157894736843,285,IS (2022-2024),NORMAL,NORMAL,NORMAL,NORMAL
2023-06-20,0.6942172523961662,313,IS (2022-2024),NORMAL,NORMAL,NORMAL,NORMAL
2023-06-21,0.7636908517350158,317,IS (2022-2024),NORMAL,NORMAL,NORMAL,NORMAL
2023-06-22,0.8911280487804877,328,IS (2022-2024),NORMAL,NORMAL,NORMAL,NORMAL
2023-06-23,0.9475757575757575,330,IS (2022-2024),NORMAL,NORMAL,NORMAL,NORMAL
2023-06-26,1.004066265060241,332,IS (2022-2024),NORMAL,NORMAL,NORMAL,NORMAL
2023-06-27,0.9707250755287007,331,IS (2022-2024),NORMAL,NORMAL,NORMAL,NORMAL
2023-06-28,0.9542121212121212,330,IS (2022-2024),NORMAL,NORMAL,NORMAL,NORMAL
2023-06-29,0.9823493975903614,332,IS (2022-2024),NORMAL,NORMAL,NORMAL,NORMAL
2023-06-30,1.025134328358209,335,IS (2022-2024),NORMAL,NORMAL,NORMAL,NORMAL
2023-07-03,1.4145987654320988,324,IS (2022-2024),NORMAL,NORMAL,NORMAL,NORMAL
2023-07-04,1.6911746031746033,315,IS (2022-2024),NORMAL,NORMAL,NORMAL,NORMAL
2023-07-05,1.7568138801261832,317,IS (2022-2024),NORMAL,NORMAL,NORMAL,NORMAL
2023-07-06,1.8518691588785048,321,IS (2022-2024),NORMAL,NORMAL,NORMAL,NORMAL
2023-07-07,1.870807453416149,322,IS (2022-2024),NORMAL,NORMAL,NORMAL,NORMAL
2023-07-10,1.977373417721519,316,IS (2022-2024),NORMAL,NORMAL,NORMAL,NORMAL
2023-07-11,2.2276025236593058,317,IS (2022-2024),NORMAL,NORMAL,NORMAL,NORMAL
2023-07-12,2.353987138263666,311,IS (2022-2024),NORMAL,NORMAL,NORMAL,NORMAL
2023-07-13,2.4822611464968154,314,IS (2022-2024),NORMAL,NORMAL,NORMAL,NORMAL
2023-07-14,2.5244479495268144,317,IS (2022-2024),NORMAL,NORMAL,NORMAL,NORMAL
2023-07-17,2.8653968253968256,315,IS (2022-2024),NORMAL,NORMAL,NORMAL,NORMAL
2023-07-18,2.9044585987261144,314,IS (2022-2024),NORMAL,NORMAL,NORMAL,NORMAL
2023-07-19,2.9044585987261144,314,IS (2022-2024),NORMAL,NORMAL,NORMAL,NORMAL
2023-07-20,2.889272151898734,316,IS (2022-2024),NORMAL,NORMAL,NORMAL,NORMAL
2023-07-21,2.8814511041009467,317,IS (2022-2024),NORMAL,NORMAL,NORMAL,NORMAL
2023-07-24,3.3330794701986757,302,IS (2022-2024),NORMAL,NORMAL,NORMAL,NORMAL
2023-07-25,3.722448979591837,294,IS (2022-2024),NORMAL,NORMAL,NORMAL,NORMAL
2023-07-26,3.752823129251701,294,IS (2022-2024),NORMAL,NORMAL,NORMAL,NORMAL
2023-07-27,3.752823129251701,294,IS (2022-2024),NORMAL,NORMAL,NORMAL,NORMAL
2023-07-28,3.760847457627119,295,IS (2022-2024),NORMAL,NORMAL,NORMAL,NORMAL
2023-07-31,4.574087591240875,274,IS (2022-2024),NORMAL,NORMAL,NORMAL,NORMAL
2023-08-01,4.649233576642335,274,IS (2022-2024),NORMAL,NORMAL,NORMAL,NORMAL
2023-08-02,4.549545454545454,264,IS (2022-2024),NORMAL,NORMAL,NORMAL,NORMAL
2023-08-03,4.496741573033709,267,IS (2022-2024),NORMAL,NORMAL,NORMAL,NORMAL
2023-08-04,4.400260223048328,269,IS (2022-2024),NORMAL,NORMAL,NORMAL,NORMAL
2023-08-07,4.457644787644789,259,IS (2022-2024),NORMAL,NORMAL,NORMAL,NORMAL
2023-08-08,4.5206140350877195,228,IS (2022-2024),NORMAL,NORMAL,NORMAL,NORMAL
2023-08-09,4.402777777777777,198,IS (2022-2024),NORMAL,NORMAL,NORMAL,NORMAL
2023-08-10,4.182673267326733,202,IS (2022-2024),NORMAL,NORMAL,NORMAL,NORMAL
2023-08-11,3.811298076923077,208,IS (2022-2024),NORMAL,NORMAL,NORMAL,NORMAL
2023-08-14,4.492222222222222,162,IS (2022-2024),NORMAL,NORMAL,NORMAL,NORMAL
2023-08-15,2.9614473684210525,152,IS (2022-2024),NORMAL,NORMAL,NORMAL,NORMAL
2023-08-16,1.931310344827586,145,IS (2022-2024),NORMAL,NORMAL,NORMAL,NORMAL
2023-08-17,0.8940625000000001,160,IS (2022-2024),NORMAL,NORMAL,NORMAL,NORMAL
2023-08-18,0.8351552795031054,161,IS (2022-2024),NORMAL,NORMAL,NORMAL,NORMAL
2023-08-21,-0.7542424242424238,132,IS (2022-2024),ELEVATED_BAR,ELEVATED_BAR,NORMAL,NORMAL
2023-08-22,-1.712868217054263,129,IS (2022-2024),ELEVATED_BAR,ELEVATED_BAR,ELEVATED_BAR,ELEVATED_BAR
2023-08-23,-1.9507031250000002,128,IS (2022-2024),ELEVATED_BAR,ELEVATED_BAR,ELEVATED_BAR,ELEVATED_BAR
2023-08-24,-2.057692307692308,130,IS (2022-2024),ELEVATED_BAR,ELEVATED_BAR,ELEVATED_BAR,ELEVATED_BAR
2023-08-25,-2.057692307692308,130,IS (2022-2024),ELEVATED_BAR,ELEVATED_BAR,ELEVATED_BAR,ELEVATED_BAR
2023-08-28,-2.411328125,128,IS (2022-2024),ELEVATED_BAR,ELEVATED_BAR,ELEVATED_BAR,ELEVATED_BAR
2023-08-29,-2.5056923076923083,130,IS (2022-2024),ELEVATED_BAR,ELEVATED_BAR,ELEVATED_BAR,ELEVATED_BAR
2023-08-30,-2.7009448818897637,127,IS (2022-2024),ELEVATED_BAR,ELEVATED_BAR,ELEVATED_BAR,ELEVATED_BAR
2023-08-31,-2.74060606060606,132,IS (2022-2024),ELEVATED_BAR,ELEVATED_BAR,ELEVATED_BAR,ELEVATED_BAR
2023-09-01,-2.5380985915492946,142,IS (2022-2024),ELEVATED_BAR,ELEVATED_BAR,ELEVATED_BAR,ELEVATED_BAR
2023-09-04,-3.00087591240876,137,IS (2022-2024),ELEVATED_BAR,ELEVATED_BAR,ELEVATED_BAR,ELEVATED_BAR
2023-09-05,-3.324133333333333,150,IS (2022-2024),ELEVATED_BAR,ELEVATED_BAR,ELEVATED_BAR,ELEVATED_BAR
2023-09-06,-3.225286624203821,157,IS (2022-2024),ELEVATED_BAR,ELEVATED_BAR,ELEVATED_BAR,ELEVATED_BAR
2023-09-07,-3.0174863387978137,183,IS (2022-2024),ELEVATED_BAR,ELEVATED_BAR,ELEVATED_BAR,ELEVATED_BAR
2023-09-08,-2.7272857142857143,210,IS (2022-2024),ELEVATED_BAR,ELEVATED_BAR,ELEVATED_BAR,ELEVATED_BAR
2023-09-11,-2.7337394957983197,238,IS (2022-2024),ELEVATED_BAR,ELEVATED_BAR,ELEVATED_BAR,ELEVATED_BAR
2023-09-12,-2.9639075630252103,238,IS (2022-2024),ELEVATED_BAR,ELEVATED_BAR,ELEVATED_BAR,ELEVATED_BAR
2023-09-13,-2.9929218106995883,243,IS (2022-2024),ELEVATED_BAR,ELEVATED_BAR,ELEVATED_BAR,ELEVATED_BAR
2023-09-14,-2.638608058608059,273,IS (2022-2024),ELEVATED_BAR,ELEVATED_BAR,ELEVATED_BAR,ELEVATED_BAR
2023-09-15,-2.375946843853821,301,IS (2022-2024),ELEVATED_BAR,ELEVATED_BAR,ELEVATED_BAR,ELEVATED_BAR
2023-09-18,-2.2824844720496897,322,IS (2022-2024),ELEVATED_BAR,ELEVATED_BAR,ELEVATED_BAR,ELEVATED_BAR
2023-09-19,-2.2253067484662576,326,IS (2022-2024),ELEVATED_BAR,ELEVATED_BAR,ELEVATED_BAR,ELEVATED_BAR
2023-09-20,-2.2176291793313068,329,IS (2022-2024),ELEVATED_BAR,ELEVATED_BAR,ELEVATED_BAR,ELEVATED_BAR
2023-09-21,-2.200058997050147,339,IS (2022-2024),ELEVATED_BAR,ELEVATED_BAR,ELEVATED_BAR,ELEVATED_BAR
2023-09-22,-2.166647058823529,340,IS (2022-2024),ELEVATED_BAR,ELEVATED_BAR,ELEVATED_BAR,ELEVATED_BAR
2023-09-25,-2.214529411764706,340,IS (2022-2024),ELEVATED_BAR,ELEVATED_BAR,ELEVATED_BAR,ELEVATED_BAR
2023-09-26,-2.310840579710145,345,IS (2022-2024),ELEVATED_BAR,ELEVATED_BAR,ELEVATED_BAR,ELEVATED_BAR
2023-09-27,-2.335348837209302,344,IS (2022-2024),ELEVATED_BAR,ELEVATED_BAR,ELEVATED_BAR,ELEVATED_BAR
2023-09-28,-2.3571469740634003,347,IS (2022-2024),ELEVATED_BAR,ELEVATED_BAR,ELEVATED_BAR,ELEVATED_BAR
2023-09-29,-2.3183760683760686,351,IS (2022-2024),ELEVATED_BAR,ELEVATED_BAR,ELEVATED_BAR,ELEVATED_BAR
2023-10-02,-2.361851851851852,351,IS (2022-2024),ELEVATED_BAR,ELEVATED_BAR,ELEVATED_BAR,ELEVATED_BAR
2023-10-03,-2.4014814814814818,351,IS (2022-2024),ELEVATED_BAR,ELEVATED_BAR,ELEVATED_BAR,ELEVATED_BAR
2023-10-04,-2.3666475644699143,349,IS (2022-2024),ELEVATED_BAR,ELEVATED_BAR,ELEVATED_BAR,ELEVATED_BAR
2023-10-05,-2.4213352272727273,352,IS (2022-2024),ELEVATED_BAR,ELEVATED_BAR,ELEVATED_BAR,ELEVATED_BAR
2023-10-06,-2.3688450704225352,355,IS (2022-2024),ELEVATED_BAR,ELEVATED_BAR,ELEVATED_BAR,ELEVATED_BAR
2023-10-09,-2.4094871794871797,351,IS (2022-2024),ELEVATED_BAR,ELEVATED_BAR,ELEVATED_BAR,ELEVATED_BAR
2023-10-10,-2.359884726224784,347,IS (2022-2024),ELEVATED_BAR,ELEVATED_BAR,ELEVATED_BAR,ELEVATED_BAR
2023-10-11,-2.248475073313783,341,IS (2022-2024),ELEVATED_BAR,ELEVATED_BAR,ELEVATED_BAR,ELEVATED_BAR
2023-10-12,-2.2482748538011696,342,IS (2022-2024),ELEVATED_BAR,ELEVATED_BAR,ELEVATED_BAR,ELEVATED_BAR
2023-10-13,-2.2051014492753622,345,IS (2022-2024),ELEVATED_BAR,ELEVATED_BAR,ELEVATED_BAR,ELEVATED_BAR
2023-10-16,-1.6614920634920636,315,IS (2022-2024),ELEVATED_BAR,ELEVATED_BAR,ELEVATED_BAR,ELEVATED_BAR
2023-10-17,-1.2726158940397352,302,IS (2022-2024),ELEVATED_BAR,ELEVATED_BAR,ELEVATED_BAR,NORMAL
2023-10-18,-1.2483056478405317,301,IS (2022-2024),ELEVATED_BAR,ELEVATED_BAR,ELEVATED_BAR,NORMAL
2023-10-19,-1.2483056478405317,301,IS (2022-2024),ELEVATED_BAR,ELEVATED_BAR,ELEVATED_BAR,NORMAL
2023-10-20,-1.2706930693069307,303,IS (2022-2024),ELEVATED_BAR,ELEVATED_BAR,ELEVATED_BAR,NORMAL
2023-10-23,-0.8852430555555556,288,IS (2022-2024),ELEVATED_BAR,ELEVATED_BAR,NORMAL,NORMAL
2023-10-24,-0.8417770034843207,287,IS (2022-2024),ELEVATED_BAR,ELEVATED_BAR,NORMAL,NORMAL
2023-10-25,-0.8558823529411765,289,IS (2022-2024),ELEVATED_BAR,ELEVATED_BAR,NORMAL,NORMAL
2023-10-26,-0.8558823529411765,289,IS (2022-2024),ELEVATED_BAR,ELEVATED_BAR,NORMAL,NORMAL
2023-10-27,-1.0075254237288136,295,IS (2022-2024),ELEVATED_BAR,ELEVATED_BAR,ELEVATED_BAR,NORMAL
2023-10-30,-0.983344827586207,290,IS (2022-2024),ELEVATED_BAR,ELEVATED_BAR,NORMAL,NORMAL
2023-10-31,-0.9348421052631579,285,IS (2022-2024),ELEVATED_BAR,ELEVATED_BAR,NORMAL,NORMAL
2023-11-01,-0.9737454545454547,275,IS (2022-2024),ELEVATED_BAR,ELEVATED_BAR,NORMAL,NORMAL
2023-11-02,-0.9744565217391306,276,IS (2022-2024),ELEVATED_BAR,ELEVATED_BAR,NORMAL,NORMAL
2023-11-03,-0.964259927797834,277,IS (2022-2024),ELEVATED_BAR,ELEVATED_BAR,NORMAL,NORMAL
2023-11-06,-0.8366007905138341,253,IS (2022-2024),ELEVATED_BAR,ELEVATED_BAR,NORMAL,NORMAL
2023-11-07,-0.7690789473684213,228,IS (2022-2024),ELEVATED_BAR,ELEVATED_BAR,NORMAL,NORMAL
2023-11-08,-0.807029702970297,202,IS (2022-2024),ELEVATED_BAR,ELEVATED_BAR,NORMAL,NORMAL
2023-11-09,-0.8675362318840579,207,IS (2022-2024),ELEVATED_BAR,ELEVATED_BAR,NORMAL,NORMAL
2023-11-10,-0.8820379146919429,211,IS (2022-2024),ELEVATED_BAR,ELEVATED_BAR,NORMAL,NORMAL
2023-11-13,-0.9292857142857142,168,IS (2022-2024),ELEVATED_BAR,ELEVATED_BAR,NORMAL,NORMAL
2023-11-14,-1.1815942028985507,138,IS (2022-2024),ELEVATED_BAR,ELEVATED_BAR,ELEVATED_BAR,NORMAL
2023-11-15,-1.656875,112,IS (2022-2024),ELEVATED_BAR,ELEVATED_BAR,ELEVATED_BAR,ELEVATED_BAR
2023-11-16,-1.656875,112,IS (2022-2024),ELEVATED_BAR,ELEVATED_BAR,ELEVATED_BAR,ELEVATED_BAR
2023-11-17,-1.656875,112,IS (2022-2024),ELEVATED_BAR,ELEVATED_BAR,ELEVATED_BAR,ELEVATED_BAR
2023-11-20,-2.631794871794871,78,IS (2022-2024),ELEVATED_BAR,ELEVATED_BAR,ELEVATED_BAR,ELEVATED_BAR
2023-11-21,-2.678115942028985,69,IS (2022-2024),ELEVATED_BAR,ELEVATED_BAR,ELEVATED_BAR,ELEVATED_BAR
2023-11-22,-2.8522058823529406,68,IS (2022-2024),ELEVATED_BAR,ELEVATED_BAR,ELEVATED_BAR,ELEVATED_BAR
2023-11-23,-2.8522058823529406,68,IS (2022-2024),ELEVATED_BAR,ELEVATED_BAR,ELEVATED_BAR,ELEVATED_BAR
2023-11-24,-2.7505797101449265,69,IS (2022-2024),ELEVATED_BAR,ELEVATED_BAR,ELEVATED_BAR,ELEVATED_BAR
2023-11-27,-1.8778125,64,IS (2022-2024),ELEVATED_BAR,ELEVATED_BAR,ELEVATED_BAR,ELEVATED_BAR
2023-11-28,-1.124923076923077,65,IS (2022-2024),ELEVATED_BAR,ELEVATED_BAR,ELEVATED_BAR,NORMAL
2023-11-29,-1.0543548387096775,62,IS (2022-2024),ELEVATED_BAR,ELEVATED_BAR,ELEVATED_BAR,NORMAL
2023-11-30,-0.05239436619718311,71,IS (2022-2024),ELEVATED_BAR,NORMAL,NORMAL,NORMAL
2023-12-01,1.2,80,IS (2022-2024),NORMAL,NORMAL,NORMAL,NORMAL
2023-12-04,3.0144047619047623,84,IS (2022-2024),NORMAL,NORMAL,NORMAL,NORMAL
2023-12-05,3.490714285714286,84,IS (2022-2024),NORMAL,NORMAL,NORMAL,NORMAL
2023-12-06,3.5531521739130425,92,IS (2022-2024),NORMAL,NORMAL,NORMAL,NORMAL
2023-12-07,5.231803278688523,122,IS (2022-2024),NORMAL,NORMAL,NORMAL,NORMAL
2023-12-08,6.462133333333333,150,IS (2022-2024),NORMAL,NORMAL,NORMAL,NORMAL
2023-12-11,8.003567839195977,199,IS (2022-2024),NORMAL,NORMAL,NORMAL,NORMAL
2023-12-12,7.952512077294687,207,IS (2022-2024),NORMAL,NORMAL,NORMAL,NORMAL
2023-12-13,8.450046948356809,213,IS (2022-2024),NORMAL,NORMAL,NORMAL,NORMAL
2023-12-14,8.902777777777779,234,IS (2022-2024),NORMAL,NORMAL,NORMAL,NORMAL
2023-12-15,9.32065693430657,274,IS (2022-2024),NORMAL,NORMAL,NORMAL,NORMAL
2023-12-18,9.799523809523809,315,IS (2022-2024),NORMAL,NORMAL,NORMAL,NORMAL
2023-12-19,9.716728971962615,321,IS (2022-2024),NORMAL,NORMAL,NORMAL,NORMAL
2023-12-20,9.89895061728395,324,IS (2022-2024),NORMAL,NORMAL,NORMAL,NORMAL
2023-12-21,10.170320699708455,343,IS (2022-2024),NORMAL,NORMAL,NORMAL,NORMAL
2023-12-22,10.24048433048433,351,IS (2022-2024),NORMAL,NORMAL,NORMAL,NORMAL
2023-12-25,10.35810344827586,348,IS (2022-2024),NORMAL,NORMAL,NORMAL,NORMAL
2023-12-26,10.451694915254237,354,IS (2022-2024),NORMAL,NORMAL,NORMAL,NORMAL
2023-12-27,10.777621776504297,349,IS (2022-2024),NORMAL,NORMAL,NORMAL,NORMAL
2023-12-28,10.787742857142856,350,IS (2022-2024),NORMAL,NORMAL,NORMAL,NORMAL
2023-12-29,10.781525423728814,354,IS (2022-2024),NORMAL,NORMAL,NORMAL,NORMAL
2024-01-01,10.846789772727274,352,IS (2022-2024),NORMAL,NORMAL,NORMAL,NORMAL
2024-01-02,10.761123595505618,356,IS (2022-2024),NORMAL,NORMAL,NORMAL,NORMAL
2024-01-03,10.713333333333335,360,IS (2022-2024),NORMAL,NORMAL,NORMAL,NORMAL
2024-01-04,10.713333333333335,360,IS (2022-2024),NORMAL,NORMAL,NORMAL,NORMAL
2024-01-05,10.677747252747253,364,IS (2022-2024),NORMAL,NORMAL,NORMAL,NORMAL
2024-01-08,10.79331491712707,362,IS (2022-2024),NORMAL,NORMAL,NORMAL,NORMAL
2024-01-09,10.990868347338935,357,IS (2022-2024),NORMAL,NORMAL,NORMAL,NORMAL
2024-01-10,11.133909348441927,353,IS (2022-2024),NORMAL,NORMAL,NORMAL,NORMAL
2024-01-11,11.062653631284915,358,IS (2022-2024),NORMAL,NORMAL,NORMAL,NORMAL
2024-01-12,11.05626740947075,359,IS (2022-2024),NORMAL,NORMAL,NORMAL,NORMAL
2024-01-15,11.1976338028169,355,IS (2022-2024),NORMAL,NORMAL,NORMAL,NORMAL
2024-01-16,11.151759776536313,358,IS (2022-2024),NORMAL,NORMAL,NORMAL,NORMAL
2024-01-17,11.09409470752089,359,IS (2022-2024),NORMAL,NORMAL,NORMAL,NORMAL
2024-01-18,11.060027700831025,361,IS (2022-2024),NORMAL,NORMAL,NORMAL,NORMAL
2024-01-19,11.050468319559227,363,IS (2022-2024),NORMAL,NORMAL,NORMAL,NORMAL
2024-01-22,11.069090909090908,363,IS (2022-2024),NORMAL,NORMAL,NORMAL,NORMAL
2024-01-23,11.069090909090908,363,IS (2022-2024),NORMAL,NORMAL,NORMAL,NORMAL
2024-01-24,11.070439560439562,364,IS (2022-2024),NORMAL,NORMAL,NORMAL,NORMAL
2024-01-25,11.070439560439562,364,IS (2022-2024),NORMAL,NORMAL,NORMAL,NORMAL
2024-01-26,11.02707650273224,366,IS (2022-2024),NORMAL,NORMAL,NORMAL,NORMAL
2024-01-29,11.042908587257617,361,IS (2022-2024),NORMAL,NORMAL,NORMAL,NORMAL
2024-01-30,11.114022662889518,353,IS (2022-2024),NORMAL,NORMAL,NORMAL,NORMAL
2024-01-31,11.114912790697673,344,IS (2022-2024),NORMAL,NORMAL,NORMAL,NORMAL
2024-02-01,11.09679190751445,346,IS (2022-2024),NORMAL,NORMAL,NORMAL,NORMAL
2024-02-02,11.03919540229885,348,IS (2022-2024),NORMAL,NORMAL,NORMAL,NORMAL
2024-02-05,11.275077399380805,323,IS (2022-2024),NORMAL,NORMAL,NORMAL,NORMAL
2024-02-06,11.253817567567568,296,IS (2022-2024),NORMAL,NORMAL,NORMAL,NORMAL
2024-02-07,11.194365671641792,268,IS (2022-2024),NORMAL,NORMAL,NORMAL,NORMAL
2024-02-08,11.113791821561339,269,IS (2022-2024),NORMAL,NORMAL,NORMAL,NORMAL
2024-02-09,11.113791821561339,269,IS (2022-2024),NORMAL,NORMAL,NORMAL,NORMAL
2024-02-12,10.736915422885572,201,IS (2022-2024),NORMAL,NORMAL,NORMAL,NORMAL
2024-02-13,10.312651933701659,181,IS (2022-2024),NORMAL,NORMAL,NORMAL,NORMAL
2024-02-14,9.900567375886524,141,IS (2022-2024),NORMAL,NORMAL,NORMAL,NORMAL
2024-02-15,9.900567375886524,141,IS (2022-2024),NORMAL,NORMAL,NORMAL,NORMAL
2024-02-16,10.115244755244756,143,IS (2022-2024),NORMAL,NORMAL,NORMAL,NORMAL
2024-02-19,8.992247191011236,89,IS (2022-2024),NORMAL,NORMAL,NORMAL,NORMAL
2024-02-20,7.224444444444446,72,IS (2022-2024),NORMAL,NORMAL,NORMAL,NORMAL
2024-02-21,6.2224615384615385,65,IS (2022-2024),NORMAL,NORMAL,NORMAL,NORMAL
2024-02-22,6.2224615384615385,65,IS (2022-2024),NORMAL,NORMAL,NORMAL,NORMAL
2024-02-23,6.2224615384615385,65,IS (2022-2024),NORMAL,NORMAL,NORMAL,NORMAL
2024-02-26,4.9003389830508475,59,IS (2022-2024),NORMAL,NORMAL,NORMAL,NORMAL
2024-02-27,4.7379310344827585,58,IS (2022-2024),NORMAL,NORMAL,NORMAL,NORMAL
2024-02-28,4.6175000000000015,60,IS (2022-2024),NORMAL,NORMAL,NORMAL,NORMAL
2024-02-29,4.498387096774195,62,IS (2022-2024),NORMAL,NORMAL,NORMAL,NORMAL
2024-03-01,4.489538461538461,65,IS (2022-2024),NORMAL,NORMAL,NORMAL,NORMAL
2024-03-04,4.536379310344828,58,IS (2022-2024),NORMAL,NORMAL,NORMAL,NORMAL
2024-03-05,3.747164179104477,67,IS (2022-2024),NORMAL,NORMAL,NORMAL,NORMAL
2024-03-06,3.627384615384615,65,IS (2022-2024),NORMAL,NORMAL,NORMAL,NORMAL
2024-03-07,3.9376315789473684,76,IS (2022-2024),NORMAL,NORMAL,NORMAL,NORMAL
2024-03-08,3.9926595744680853,94,IS (2022-2024),NORMAL,NORMAL,NORMAL,NORMAL
2024-03-11,4.304601769911504,113,IS (2022-2024),NORMAL,NORMAL,NORMAL,NORMAL
2024-03-12,3.9790090090090096,111,IS (2022-2024),NORMAL,NORMAL,NORMAL,NORMAL
2024-03-13,3.862105263157895,114,IS (2022-2024),NORMAL,NORMAL,NORMAL,NORMAL
2024-03-14,3.9042753623188404,138,IS (2022-2024),NORMAL,NORMAL,NORMAL,NORMAL
2024-03-15,4.004303797468355,158,IS (2022-2024),NORMAL,NORMAL,NORMAL,NORMAL
2024-03-18,4.055856353591161,181,IS (2022-2024),NORMAL,NORMAL,NORMAL,NORMAL
2024-03-19,4.12258064516129,186,IS (2022-2024),NORMAL,NORMAL,NORMAL,NORMAL
2024-03-20,3.9492670157068064,191,IS (2022-2024),NORMAL,NORMAL,NORMAL,NORMAL
2024-03-21,4.1899069767441866,215,IS (2022-2024),NORMAL,NORMAL,NORMAL,NORMAL
2024-03-22,4.361228813559322,236,IS (2022-2024),NORMAL,NORMAL,NORMAL,NORMAL
2024-03-25,4.4198015873015875,252,IS (2022-2024),NORMAL,NORMAL,NORMAL,NORMAL
2024-03-26,4.408853754940711,253,IS (2022-2024),NORMAL,NORMAL,NORMAL,NORMAL
2024-03-27,4.4867578125,256,IS (2022-2024),NORMAL,NORMAL,NORMAL,NORMAL
2024-03-28,4.753134328358209,268,IS (2022-2024),NORMAL,NORMAL,NORMAL,NORMAL
2024-03-29,4.753134328358209,268,IS (2022-2024),NORMAL,NORMAL,NORMAL,NORMAL
2024-04-01,4.7787096774193545,279,IS (2022-2024),NORMAL,NORMAL,NORMAL,NORMAL
2024-04-02,4.845034722222222,288,IS (2022-2024),NORMAL,NORMAL,NORMAL,NORMAL
2024-04-03,4.796089965397924,289,IS (2022-2024),NORMAL,NORMAL,NORMAL,NORMAL
2024-04-04,4.691003344481605,299,IS (2022-2024),NORMAL,NORMAL,NORMAL,NORMAL
2024-04-05,4.6938360655737705,305,IS (2022-2024),NORMAL,NORMAL,NORMAL,NORMAL
2024-04-08,4.777060702875399,313,IS (2022-2024),NORMAL,NORMAL,NORMAL,NORMAL
2024-04-09,4.88296178343949,314,IS (2022-2024),NORMAL,NORMAL,NORMAL,NORMAL
2024-04-10,4.8544409937888195,322,IS (2022-2024),NORMAL,NORMAL,NORMAL,NORMAL
2024-04-11,4.866546546546546,333,IS (2022-2024),NORMAL,NORMAL,NORMAL,NORMAL
2024-04-12,4.75103550295858,338,IS (2022-2024),NORMAL,NORMAL,NORMAL,NORMAL
2024-04-15,4.65859649122807,342,IS (2022-2024),NORMAL,NORMAL,NORMAL,NORMAL
2024-04-16,4.65859649122807,342,IS (2022-2024),NORMAL,NORMAL,NORMAL,NORMAL
2024-04-17,4.543284457478006,341,IS (2022-2024),NORMAL,NORMAL,NORMAL,NORMAL
2024-04-18,4.476297376093294,343,IS (2022-2024),NORMAL,NORMAL,NORMAL,NORMAL
2024-04-19,4.481453488372093,344,IS (2022-2024),NORMAL,NORMAL,NORMAL,NORMAL
2024-04-22,4.499534883720931,344,IS (2022-2024),NORMAL,NORMAL,NORMAL,NORMAL
2024-04-23,4.499534883720931,344,IS (2022-2024),NORMAL,NORMAL,NORMAL,NORMAL
2024-04-24,4.508260869565217,345,IS (2022-2024),NORMAL,NORMAL,NORMAL,NORMAL
2024-04-25,4.508260869565217,345,IS (2022-2024),NORMAL,NORMAL,NORMAL,NORMAL
2024-04-26,4.508260869565217,345,IS (2022-2024),NORMAL,NORMAL,NORMAL,NORMAL
2024-04-29,4.399941348973607,341,IS (2022-2024),NORMAL,NORMAL,NORMAL,NORMAL
2024-04-30,4.380205882352941,340,IS (2022-2024),NORMAL,NORMAL,NORMAL,NORMAL
2024-05-01,4.380860534124629,337,IS (2022-2024),NORMAL,NORMAL,NORMAL,NORMAL
2024-05-02,4.380860534124629,337,IS (2022-2024),NORMAL,NORMAL,NORMAL,NORMAL
2024-05-03,4.374556213017751,338,IS (2022-2024),NORMAL,NORMAL,NORMAL,NORMAL
2024-05-06,4.448470948012232,327,IS (2022-2024),NORMAL,NORMAL,NORMAL,NORMAL
2024-05-07,4.40243670886076,316,IS (2022-2024),NORMAL,NORMAL,NORMAL,NORMAL
2024-05-08,4.413154362416107,298,IS (2022-2024),NORMAL,NORMAL,NORMAL,NORMAL
2024-05-09,4.393879598662207,299,IS (2022-2024),NORMAL,NORMAL,NORMAL,NORMAL
2024-05-10,4.342466666666667,300,IS (2022-2024),NORMAL,NORMAL,NORMAL,NORMAL
2024-05-13,4.3468978102189775,274,IS (2022-2024),NORMAL,NORMAL,NORMAL,NORMAL
2024-05-14,4.37016,250,IS (2022-2024),NORMAL,NORMAL,NORMAL,NORMAL
2024-05-15,4.34195652173913,230,IS (2022-2024),NORMAL,NORMAL,NORMAL,NORMAL
2024-05-16,4.345474137931034,232,IS (2022-2024),NORMAL,NORMAL,NORMAL,NORMAL
2024-05-17,4.345021459227468,233,IS (2022-2024),NORMAL,NORMAL,NORMAL,NORMAL
2024-05-20,4.426632124352331,193,IS (2022-2024),NORMAL,NORMAL,NORMAL,NORMAL
2024-05-21,4.188284023668639,169,IS (2022-2024),NORMAL,NORMAL,NORMAL,NORMAL
2024-05-22,3.7977631578947366,152,IS (2022-2024),NORMAL,NORMAL,NORMAL,NORMAL
2024-05-23,3.6965625,160,IS (2022-2024),NORMAL,NORMAL,NORMAL,NORMAL
2024-05-24,3.5920121951219515,164,IS (2022-2024),NORMAL,NORMAL,NORMAL,NORMAL
2024-05-27,3.1243795620437957,137,IS (2022-2024),NORMAL,NORMAL,NORMAL,NORMAL
2024-05-28,2.4643795620437956,137,IS (2022-2024),NORMAL,NORMAL,NORMAL,NORMAL
2024-05-29,2.261917808219178,146,IS (2022-2024),NORMAL,NORMAL,NORMAL,NORMAL
2024-05-30,2.098333333333333,156,IS (2022-2024),NORMAL,NORMAL,NORMAL,NORMAL
2024-05-31,2.007345679012346,162,IS (2022-2024),NORMAL,NORMAL,NORMAL,NORMAL
2024-06-03,1.3468275862068968,145,IS (2022-2024),NORMAL,NORMAL,NORMAL,NORMAL
2024-06-04,1.1766433566433565,143,IS (2022-2024),NORMAL,NORMAL,NORMAL,NORMAL
2024-06-05,1.0778620689655172,145,IS (2022-2024),NORMAL,NORMAL,NORMAL,NORMAL
2024-06-06,1.2457396449704141,169,IS (2022-2024),NORMAL,NORMAL,NORMAL,NORMAL
2024-06-07,1.4694949494949494,198,IS (2022-2024),NORMAL,NORMAL,NORMAL,NORMAL
2024-06-10,0.9564651162790697,215,IS (2022-2024),NORMAL,NORMAL,NORMAL,NORMAL
2024-06-11,0.6702752293577982,218,IS (2022-2024),NORMAL,NORMAL,NORMAL,NORMAL
2024-06-12,0.9388340807174889,223,IS (2022-2024),NORMAL,NORMAL,NORMAL,NORMAL
2024-06-13,1.3502371541501976,253,IS (2022-2024),NORMAL,NORMAL,NORMAL,NORMAL
2024-06-14,1.610530035335689,283,IS (2022-2024),NORMAL,NORMAL,NORMAL,NORMAL
2024-06-17,1.756527331189711,311,IS (2022-2024),NORMAL,NORMAL,NORMAL,NORMAL
2024-06-18,1.7453481012658227,316,IS (2022-2024),NORMAL,NORMAL,NORMAL,NORMAL
2024-06-19,1.731047619047619,315,IS (2022-2024),NORMAL,NORMAL,NORMAL,NORMAL
2024-06-20,1.7670270270270272,333,IS (2022-2024),NORMAL,NORMAL,NORMAL,NORMAL
2024-06-21,1.8242521994134895,341,IS (2022-2024),NORMAL,NORMAL,NORMAL,NORMAL
2024-06-24,1.8418128654970762,342,IS (2022-2024),NORMAL,NORMAL,NORMAL,NORMAL
2024-06-25,1.8425947521865889,343,IS (2022-2024),NORMAL,NORMAL,NORMAL,NORMAL
2024-06-26,1.8425947521865889,343,IS (2022-2024),NORMAL,NORMAL,NORMAL,NORMAL
2024-06-27,1.8049275362318842,345,IS (2022-2024),NORMAL,NORMAL,NORMAL,NORMAL
2024-06-28,1.7952312138728326,346,IS (2022-2024),NORMAL,NORMAL,NORMAL,NORMAL
2024-07-01,1.819393063583815,346,IS (2022-2024),NORMAL,NORMAL,NORMAL,NORMAL
2024-07-02,1.819393063583815,346,IS (2022-2024),NORMAL,NORMAL,NORMAL,NORMAL
2024-07-03,1.8166858789625364,347,IS (2022-2024),NORMAL,NORMAL,NORMAL,NORMAL
2024-07-04,1.8166858789625364,347,IS (2022-2024),NORMAL,NORMAL,NORMAL,NORMAL
2024-07-05,1.8293181818181816,352,IS (2022-2024),NORMAL,NORMAL,NORMAL,NORMAL
2024-07-08,1.8461142857142856,350,IS (2022-2024),NORMAL,NORMAL,NORMAL,NORMAL
2024-07-09,1.8319999999999996,355,IS (2022-2024),NORMAL,NORMAL,NORMAL,NORMAL
2024-07-10,1.8683333333333334,354,IS (2022-2024),NORMAL,NORMAL,NORMAL,NORMAL
2024-07-11,1.8683333333333334,354,IS (2022-2024),NORMAL,NORMAL,NORMAL,NORMAL
2024-07-12,1.8965546218487392,357,IS (2022-2024),NORMAL,NORMAL,NORMAL,NORMAL
2024-07-15,1.9202216066481992,361,IS (2022-2024),NORMAL,NORMAL,NORMAL,NORMAL
2024-07-16,1.9044568245125348,359,IS (2022-2024),NORMAL,NORMAL,NORMAL,NORMAL
2024-07-17,1.8694722222222222,360,IS (2022-2024),NORMAL,NORMAL,NORMAL,NORMAL
2024-07-18,1.8846814404432133,361,IS (2022-2024),NORMAL,NORMAL,NORMAL,NORMAL
2024-07-19,1.8952892561983472,363,IS (2022-2024),NORMAL,NORMAL,NORMAL,NORMAL
2024-07-22,1.9503878116343492,361,IS (2022-2024),NORMAL,NORMAL,NORMAL,NORMAL
2024-07-23,1.9543909348441926,353,IS (2022-2024),NORMAL,NORMAL,NORMAL,NORMAL
2024-07-24,1.9671306818181817,352,IS (2022-2024),NORMAL,NORMAL,NORMAL,NORMAL
2024-07-25,1.9537110481586402,353,IS (2022-2024),NORMAL,NORMAL,NORMAL,NORMAL
2024-07-26,1.9537110481586402,353,IS (2022-2024),NORMAL,NORMAL,NORMAL,NORMAL
2024-07-29,1.9946686746987952,332,IS (2022-2024),NORMAL,NORMAL,NORMAL,NORMAL
2024-07-30,1.9635692307692307,325,IS (2022-2024),NORMAL,NORMAL,NORMAL,NORMAL
2024-07-31,1.9700312500000003,320,IS (2022-2024),NORMAL,NORMAL,NORMAL,NORMAL
2024-08-01,1.9575851393188857,323,IS (2022-2024),NORMAL,NORMAL,NORMAL,NORMAL
2024-08-02,1.293391812865497,342,IS (2022-2024),NORMAL,NORMAL,NORMAL,NORMAL
2024-08-05,0.6985798816568051,338,IS (2022-2024),NORMAL,NORMAL,NORMAL,NORMAL
2024-08-06,0.505299684542587,317,IS (2022-2024),NORMAL,NORMAL,NORMAL,NORMAL
2024-08-07,0.05269360269360262,297,IS (2022-2024),NORMAL,NORMAL,NORMAL,NORMAL
2024-08-08,0.03590604026845634,298,IS (2022-2024),NORMAL,NORMAL,NORMAL,NORMAL
2024-08-09,0.09076666666666654,300,IS (2022-2024),NORMAL,NORMAL,NORMAL,NORMAL
2024-08-12,-0.24215767634854754,241,IS (2022-2024),ELEVATED_BAR,NORMAL,NORMAL,NORMAL
2024-08-13,-0.9033649289099523,211,IS (2022-2024),ELEVATED_BAR,ELEVATED_BAR,NORMAL,NORMAL
2024-08-14,-1.683867403314917,181,IS (2022-2024),ELEVATED_BAR,ELEVATED_BAR,ELEVATED_BAR,ELEVATED_BAR
2024-08-15,-1.683867403314917,181,IS (2022-2024),ELEVATED_BAR,ELEVATED_BAR,ELEVATED_BAR,ELEVATED_BAR
2024-08-16,-1.683867403314917,181,IS (2022-2024),ELEVATED_BAR,ELEVATED_BAR,ELEVATED_BAR,ELEVATED_BAR
2024-08-19,-2.6600714285714284,140,IS (2022-2024),ELEVATED_BAR,ELEVATED_BAR,ELEVATED_BAR,ELEVATED_BAR
2024-08-20,-3.502177419354839,124,IS (2022-2024),ELEVATED_BAR,ELEVATED_BAR,ELEVATED_BAR,ELEVATED_BAR
2024-08-21,-4.109572649572649,117,IS (2022-2024),ELEVATED_BAR,ELEVATED_BAR,ELEVATED_BAR,ELEVATED_BAR
2024-08-22,-4.067711864406779,118,IS (2022-2024),ELEVATED_BAR,ELEVATED_BAR,ELEVATED_BAR,ELEVATED_BAR
2024-08-23,-4.067711864406779,118,IS (2022-2024),ELEVATED_BAR,ELEVATED_BAR,ELEVATED_BAR,ELEVATED_BAR
2024-08-26,-4.138,115,IS (2022-2024),ELEVATED_BAR,ELEVATED_BAR,ELEVATED_BAR,ELEVATED_BAR
2024-08-27,-3.95301724137931,116,IS (2022-2024),ELEVATED_BAR,ELEVATED_BAR,ELEVATED_BAR,ELEVATED_BAR
2024-08-28,-3.9380341880341883,117,IS (2022-2024),ELEVATED_BAR,ELEVATED_BAR,ELEVATED_BAR,ELEVATED_BAR
2024-08-29,-3.4799186991869915,123,IS (2022-2024),ELEVATED_BAR,ELEVATED_BAR,ELEVATED_BAR,ELEVATED_BAR
2024-08-30,-2.868384615384616,130,IS (2022-2024),ELEVATED_BAR,ELEVATED_BAR,ELEVATED_BAR,ELEVATED_BAR
2024-09-02,-2.862177419354839,124,IS (2022-2024),ELEVATED_BAR,ELEVATED_BAR,ELEVATED_BAR,ELEVATED_BAR
2024-09-03,-2.2081560283687938,141,IS (2022-2024),ELEVATED_BAR,ELEVATED_BAR,ELEVATED_BAR,ELEVATED_BAR
2024-09-04,-2.1190070921985815,141,IS (2022-2024),ELEVATED_BAR,ELEVATED_BAR,ELEVATED_BAR,ELEVATED_BAR
2024-09-05,-1.0185365853658537,164,IS (2022-2024),ELEVATED_BAR,ELEVATED_BAR,ELEVATED_BAR,NORMAL
2024-09-06,-0.445846153846154,195,IS (2022-2024),ELEVATED_BAR,NORMAL,NORMAL,NORMAL
2024-09-09,0.2477674418604649,215,IS (2022-2024),NORMAL,NORMAL,NORMAL,NORMAL
2024-09-10,0.22370535714285714,224,IS (2022-2024),NORMAL,NORMAL,NORMAL,NORMAL
2024-09-11,0.15812500000000002,224,IS (2022-2024),NORMAL,NORMAL,NORMAL,NORMAL
2024-09-12,0.6263524590163934,244,IS (2022-2024),NORMAL,NORMAL,NORMAL,NORMAL
2024-09-13,1.1223636363636362,275,IS (2022-2024),NORMAL,NORMAL,NORMAL,NORMAL
2024-09-16,1.7948013245033112,302,IS (2022-2024),NORMAL,NORMAL,NORMAL,NORMAL
2024-09-17,1.9125889967637542,309,IS (2022-2024),NORMAL,NORMAL,NORMAL,NORMAL
2024-09-18,1.9154632587859424,313,IS (2022-2024),NORMAL,NORMAL,NORMAL,NORMAL
2024-09-19,2.2655688622754493,334,IS (2022-2024),NORMAL,NORMAL,NORMAL,NORMAL
2024-09-20,2.378080229226361,349,IS (2022-2024),NORMAL,NORMAL,NORMAL,NORMAL
2024-09-23,2.4868169014084507,355,IS (2022-2024),NORMAL,NORMAL,NORMAL,NORMAL
2024-09-24,2.624466292134832,356,IS (2022-2024),NORMAL,NORMAL,NORMAL,NORMAL
2024-09-25,2.624466292134832,356,IS (2022-2024),NORMAL,NORMAL,NORMAL,NORMAL
2024-09-26,2.6454341736694675,357,IS (2022-2024),NORMAL,NORMAL,NORMAL,NORMAL
2024-09-27,2.6602785515320337,359,IS (2022-2024),NORMAL,NORMAL,NORMAL,NORMAL
2024-09-30,2.8729329608938547,358,IS (2022-2024),NORMAL,NORMAL,NORMAL,NORMAL
2024-10-01,2.857865168539326,356,IS (2022-2024),NORMAL,NORMAL,NORMAL,NORMAL
2024-10-02,3.554129793510324,339,IS (2022-2024),NORMAL,NORMAL,NORMAL,NORMAL
2024-10-03,3.590672514619883,342,IS (2022-2024),NORMAL,NORMAL,NORMAL,NORMAL
2024-10-04,3.5242651296829974,347,IS (2022-2024),NORMAL,NORMAL,NORMAL,NORMAL
2024-10-07,4.705791139240507,316,IS (2022-2024),NORMAL,NORMAL,NORMAL,NORMAL
2024-10-08,4.7364444444444445,315,IS (2022-2024),NORMAL,NORMAL,NORMAL,NORMAL
2024-10-09,4.713897763578275,313,IS (2022-2024),NORMAL,NORMAL,NORMAL,NORMAL
2024-10-10,4.713897763578275,313,IS (2022-2024),NORMAL,NORMAL,NORMAL,NORMAL
2024-10-11,4.6977358490566035,318,IS (2022-2024),NORMAL,NORMAL,NORMAL,NORMAL
2024-10-14,4.751269841269842,315,IS (2022-2024),NORMAL,NORMAL,NORMAL,NORMAL
2024-10-15,4.74435736677116,319,IS (2022-2024),NORMAL,NORMAL,NORMAL,NORMAL
2024-10-16,4.74435736677116,319,IS (2022-2024),NORMAL,NORMAL,NORMAL,NORMAL
2024-10-17,4.74435736677116,319,IS (2022-2024),NORMAL,NORMAL,NORMAL,NORMAL
2024-10-18,4.788540372670807,322,IS (2022-2024),NORMAL,NORMAL,NORMAL,NORMAL
2024-10-21,5.0104375,320,IS (2022-2024),NORMAL,NORMAL,NORMAL,NORMAL
2024-10-22,5.023542319749216,319,IS (2022-2024),NORMAL,NORMAL,NORMAL,NORMAL
2024-10-23,5.000529595015576,321,IS (2022-2024),NORMAL,NORMAL,NORMAL,NORMAL
2024-10-24,5.000529595015576,321,IS (2022-2024),NORMAL,NORMAL,NORMAL,NORMAL
2024-10-25,5.000529595015576,321,IS (2022-2024),NORMAL,NORMAL,NORMAL,NORMAL
2024-10-28,5.043949044585988,314,IS (2022-2024),NORMAL,NORMAL,NORMAL,NORMAL
2024-10-29,5.035974025974026,308,IS (2022-2024),NORMAL,NORMAL,NORMAL,NORMAL
2024-10-30,4.969900332225913,301,IS (2022-2024),NORMAL,NORMAL,NORMAL,NORMAL
2024-10-31,4.926324503311259,302,IS (2022-2024),NORMAL,NORMAL,NORMAL,NORMAL
2024-11-01,4.926324503311259,302,IS (2022-2024),NORMAL,NORMAL,NORMAL,NORMAL
2024-11-04,4.905387323943661,284,IS (2022-2024),NORMAL,NORMAL,NORMAL,NORMAL
2024-11-05,4.832911877394635,261,IS (2022-2024),NORMAL,NORMAL,NORMAL,NORMAL
2024-11-06,5.011163793103448,232,IS (2022-2024),NORMAL,NORMAL,NORMAL,NORMAL
2024-11-07,4.897478632478632,234,IS (2022-2024),NORMAL,NORMAL,NORMAL,NORMAL
2024-11-08,4.913617021276595,235,IS (2022-2024),NORMAL,NORMAL,NORMAL,NORMAL
2024-11-11,4.963811881188119,202,IS (2022-2024),NORMAL,NORMAL,NORMAL,NORMAL
2024-11-12,4.573903743315508,187,IS (2022-2024),NORMAL,NORMAL,NORMAL,NORMAL
2024-11-13,4.6120754716981125,159,IS (2022-2024),NORMAL,NORMAL,NORMAL,NORMAL
2024-11-14,4.236526946107785,167,IS (2022-2024),NORMAL,NORMAL,NORMAL,NORMAL
2024-11-15,3.441436464088398,181,IS (2022-2024),NORMAL,NORMAL,NORMAL,NORMAL
2024-11-18,1.9615217391304351,138,IS (2022-2024),NORMAL,NORMAL,NORMAL,NORMAL
2024-11-19,0.6809016393442624,122,IS (2022-2024),NORMAL,NORMAL,NORMAL,NORMAL
2024-11-20,-0.004999999999999976,108,IS (2022-2024),ELEVATED_BAR,NORMAL,NORMAL,NORMAL
2024-11-21,-0.004999999999999976,108,IS (2022-2024),ELEVATED_BAR,NORMAL,NORMAL,NORMAL
2024-11-22,-0.004999999999999976,108,IS (2022-2024),ELEVATED_BAR,NORMAL,NORMAL,NORMAL
2024-11-25,-1.109690721649485,97,IS (2022-2024),ELEVATED_BAR,ELEVATED_BAR,ELEVATED_BAR,NORMAL
2024-11-26,-0.7045544554455448,101,IS (2022-2024),ELEVATED_BAR,ELEVATED_BAR,NORMAL,NORMAL
2024-11-27,-0.6730000000000002,100,IS (2022-2024),ELEVATED_BAR,ELEVATED_BAR,NORMAL,NORMAL
2024-11-28,-0.6730000000000002,100,IS (2022-2024),ELEVATED_BAR,ELEVATED_BAR,NORMAL,NORMAL
2024-11-29,0.6187499999999998,112,IS (2022-2024),NORMAL,NORMAL,NORMAL,NORMAL
2024-12-02,1.1066371681415925,113,IS (2022-2024),NORMAL,NORMAL,NORMAL,NORMAL
2024-12-03,1.238189655172414,116,IS (2022-2024),NORMAL,NORMAL,NORMAL,NORMAL
2024-12-04,1.3398198198198192,111,IS (2022-2024),NORMAL,NORMAL,NORMAL,NORMAL
2024-12-05,1.3996923076923073,130,IS (2022-2024),NORMAL,NORMAL,NORMAL,NORMAL
2024-12-06,1.8064285714285715,154,IS (2022-2024),NORMAL,NORMAL,NORMAL,NORMAL
2024-12-09,2.540965909090909,176,IS (2022-2024),NORMAL,NORMAL,NORMAL,NORMAL
2024-12-10,2.671443850267379,187,IS (2022-2024),NORMAL,NORMAL,NORMAL,NORMAL
2024-12-11,2.566402116402117,189,IS (2022-2024),NORMAL,NORMAL,NORMAL,NORMAL
2024-12-12,2.7891981132075476,212,IS (2022-2024),NORMAL,NORMAL,NORMAL,NORMAL
2024-12-13,3.015774058577406,239,IS (2022-2024),NORMAL,NORMAL,NORMAL,NORMAL
2024-12-16,2.84490494296578,263,IS (2022-2024),NORMAL,NORMAL,NORMAL,NORMAL
2024-12-17,2.704338235294118,272,IS (2022-2024),NORMAL,NORMAL,NORMAL,NORMAL
2024-12-18,2.2000699300699305,286,IS (2022-2024),NORMAL,NORMAL,NORMAL,NORMAL
2024-12-19,2.1367235494880545,293,IS (2022-2024),NORMAL,NORMAL,NORMAL,NORMAL
2024-12-20,2.0130693069306926,303,IS (2022-2024),NORMAL,NORMAL,NORMAL,NORMAL
2024-12-23,1.7175718849840256,313,IS (2022-2024),NORMAL,NORMAL,NORMAL,NORMAL
2024-12-24,1.7175718849840256,313,IS (2022-2024),NORMAL,NORMAL,NORMAL,NORMAL
2024-12-25,1.7175718849840256,313,IS (2022-2024),NORMAL,NORMAL,NORMAL,NORMAL
2024-12-26,1.7335443037974683,316,IS (2022-2024),NORMAL,NORMAL,NORMAL,NORMAL
2024-12-27,1.7399369085173504,317,IS (2022-2024),NORMAL,NORMAL,NORMAL,NORMAL
2024-12-30,1.7157232704402516,318,IS (2022-2024),NORMAL,NORMAL,NORMAL,NORMAL
2024-12-31,1.7463836477987422,318,IS (2022-2024),NORMAL,NORMAL,NORMAL,NORMAL
2025-01-01,1.7463836477987422,318,OOS (2025),NORMAL,NORMAL,NORMAL,NORMAL
2025-01-02,1.5810122699386502,326,OOS (2025),NORMAL,NORMAL,NORMAL,NORMAL
2025-01-03,1.519726443768997,329,OOS (2025),NORMAL,NORMAL,NORMAL,NORMAL
2025-01-06,1.6358715596330278,327,OOS (2025),NORMAL,NORMAL,NORMAL,NORMAL
2025-01-07,1.6337920489296636,327,OOS (2025),NORMAL,NORMAL,NORMAL,NORMAL
2025-01-08,1.6130275229357802,327,OOS (2025),NORMAL,NORMAL,NORMAL,NORMAL
2025-01-09,1.6130275229357802,327,OOS (2025),NORMAL,NORMAL,NORMAL,NORMAL
2025-01-10,1.494006024096386,332,OOS (2025),NORMAL,NORMAL,NORMAL,NORMAL
2025-01-13,1.6091509433962266,318,OOS (2025),NORMAL,NORMAL,NORMAL,NORMAL
2025-01-14,1.7339677419354838,310,OOS (2025),NORMAL,NORMAL,NORMAL,NORMAL
2025-01-15,2.101790540540541,296,OOS (2025),NORMAL,NORMAL,NORMAL,NORMAL
2025-01-16,2.101790540540541,296,OOS (2025),NORMAL,NORMAL,NORMAL,NORMAL
2025-01-17,2.08506711409396,298,OOS (2025),NORMAL,NORMAL,NORMAL,NORMAL
2025-01-20,2.4326829268292682,287,OOS (2025),NORMAL,NORMAL,NORMAL,NORMAL
2025-01-21,2.3870934256055363,289,OOS (2025),NORMAL,NORMAL,NORMAL,NORMAL
2025-01-22,2.3870934256055363,289,OOS (2025),NORMAL,NORMAL,NORMAL,NORMAL
2025-01-23,2.3870934256055363,289,OOS (2025),NORMAL,NORMAL,NORMAL,NORMAL
2025-01-24,2.3870934256055363,289,OOS (2025),NORMAL,NORMAL,NORMAL,NORMAL
2025-01-27,2.120565371024735,283,OOS (2025),NORMAL,NORMAL,NORMAL,NORMAL
2025-01-28,2.120565371024735,283,OOS (2025),NORMAL,NORMAL,NORMAL,NORMAL
2025-01-29,1.7104059040590405,271,OOS (2025),NORMAL,NORMAL,NORMAL,NORMAL
2025-01-30,1.7104059040590405,271,OOS (2025),NORMAL,NORMAL,NORMAL,NORMAL
2025-01-31,1.7104059040590405,271,OOS (2025),NORMAL,NORMAL,NORMAL,NORMAL
2025-02-03,1.3291353383458646,266,OOS (2025),NORMAL,NORMAL,NORMAL,NORMAL
2025-02-04,1.2968016194331984,247,OOS (2025),NORMAL,NORMAL,NORMAL,NORMAL
2025-02-05,1.0048430493273541,223,OOS (2025),NORMAL,NORMAL,NORMAL,NORMAL
2025-02-06,1.0048430493273541,223,OOS (2025),NORMAL,NORMAL,NORMAL,NORMAL
2025-02-07,0.9489285714285715,224,OOS (2025),NORMAL,NORMAL,NORMAL,NORMAL
2025-02-10,0.013277777777778018,180,OOS (2025),NORMAL,NORMAL,NORMAL,NORMAL
2025-02-11,-0.8990683229813661,161,OOS (2025),ELEVATED_BAR,ELEVATED_BAR,NORMAL,NORMAL
2025-02-12,-2.201313868613139,137,OOS (2025),ELEVATED_BAR,ELEVATED_BAR,ELEVATED_BAR,ELEVATED_BAR
2025-02-13,-2.2523913043478263,138,OOS (2025),ELEVATED_BAR,ELEVATED_BAR,ELEVATED_BAR,ELEVATED_BAR
2025-02-14,-2.3533571428571425,140,OOS (2025),ELEVATED_BAR,ELEVATED_BAR,ELEVATED_BAR,ELEVATED_BAR
2025-02-17,-3.292790697674419,86,OOS (2025),ELEVATED_BAR,ELEVATED_BAR,ELEVATED_BAR,ELEVATED_BAR
2025-02-18,-3.5445569620253163,79,OOS (2025),ELEVATED_BAR,ELEVATED_BAR,ELEVATED_BAR,ELEVATED_BAR
2025-02-19,-3.6260000000000003,70,OOS (2025),ELEVATED_BAR,ELEVATED_BAR,ELEVATED_BAR,ELEVATED_BAR
2025-02-20,-3.9539189189189186,74,OOS (2025),ELEVATED_BAR,ELEVATED_BAR,ELEVATED_BAR,ELEVATED_BAR
2025-02-21,-4.669247311827957,93,OOS (2025),ELEVATED_BAR,ELEVATED_BAR,ELEVATED_BAR,ELEVATED_BAR
2025-02-24,-5.259080459770116,87,OOS (2025),ELEVATED_BAR,ELEVATED_BAR,ELEVATED_BAR,ELEVATED_BAR
2025-02-25,-5.175494505494505,91,OOS (2025),ELEVATED_BAR,ELEVATED_BAR,ELEVATED_BAR,ELEVATED_BAR
2025-02-26,-5.394516129032258,93,OOS (2025),ELEVATED_BAR,ELEVATED_BAR,ELEVATED_BAR,ELEVATED_BAR
2025-02-27,-5.611326530612246,98,OOS (2025),ELEVATED_BAR,ELEVATED_BAR,ELEVATED_BAR,ELEVATED_BAR
2025-02-28,-5.220666666666666,105,OOS (2025),ELEVATED_BAR,ELEVATED_BAR,ELEVATED_BAR,ELEVATED_BAR
2025-03-03,-5.519813084112149,107,OOS (2025),ELEVATED_BAR,ELEVATED_BAR,ELEVATED_BAR,ELEVATED_BAR
2025-03-04,-6.015714285714286,126,OOS (2025),ELEVATED_BAR,ELEVATED_BAR,ELEVATED_BAR,ELEVATED_BAR
2025-03-05,-6.06077519379845,129,OOS (2025),ELEVATED_BAR,ELEVATED_BAR,ELEVATED_BAR,ELEVATED_BAR
2025-03-06,-6.273355704697987,149,OOS (2025),ELEVATED_BAR,ELEVATED_BAR,ELEVATED_BAR,ELEVATED_BAR
2025-03-07,-6.032405063291139,158,OOS (2025),ELEVATED_BAR,ELEVATED_BAR,ELEVATED_BAR,ELEVATED_BAR
2025-03-10,-6.4198265895953766,173,OOS (2025),ELEVATED_BAR,ELEVATED_BAR,ELEVATED_BAR,ELEVATED_BAR
2025-03-11,-6.382608695652174,184,OOS (2025),ELEVATED_BAR,ELEVATED_BAR,ELEVATED_BAR,ELEVATED_BAR
2025-03-12,-6.141489361702129,188,OOS (2025),ELEVATED_BAR,ELEVATED_BAR,ELEVATED_BAR,ELEVATED_BAR
2025-03-13,-5.988785046728973,214,OOS (2025),ELEVATED_BAR,ELEVATED_BAR,ELEVATED_BAR,ELEVATED_BAR
2025-03-14,-5.8353636363636365,220,OOS (2025),ELEVATED_BAR,ELEVATED_BAR,ELEVATED_BAR,ELEVATED_BAR
2025-03-17,-5.231531914893617,235,OOS (2025),ELEVATED_BAR,ELEVATED_BAR,ELEVATED_BAR,ELEVATED_BAR
2025-03-18,-5.020954356846473,241,OOS (2025),ELEVATED_BAR,ELEVATED_BAR,ELEVATED_BAR,ELEVATED_BAR
2025-03-19,-4.9155327868852465,244,OOS (2025),ELEVATED_BAR,ELEVATED_BAR,ELEVATED_BAR,ELEVATED_BAR
2025-03-20,-4.582595419847328,262,OOS (2025),ELEVATED_BAR,ELEVATED_BAR,ELEVATED_BAR,ELEVATED_BAR
2025-03-21,-4.335239852398524,271,OOS (2025),ELEVATED_BAR,ELEVATED_BAR,ELEVATED_BAR,ELEVATED_BAR
2025-03-24,-4.005441696113074,283,OOS (2025),ELEVATED_BAR,ELEVATED_BAR,ELEVATED_BAR,ELEVATED_BAR
2025-03-25,-4.000915492957747,284,OOS (2025),ELEVATED_BAR,ELEVATED_BAR,ELEVATED_BAR,ELEVATED_BAR
2025-03-26,-3.916468531468532,286,OOS (2025),ELEVATED_BAR,ELEVATED_BAR,ELEVATED_BAR,ELEVATED_BAR
2025-03-27,-3.809658703071672,293,OOS (2025),ELEVATED_BAR,ELEVATED_BAR,ELEVATED_BAR,ELEVATED_BAR
2025-03-28,-3.6998026315789483,304,OOS (2025),ELEVATED_BAR,ELEVATED_BAR,ELEVATED_BAR,ELEVATED_BAR
2025-03-31,-3.7218421052631583,304,OOS (2025),ELEVATED_BAR,ELEVATED_BAR,ELEVATED_BAR,ELEVATED_BAR
2025-04-01,-3.5509584664536744,313,OOS (2025),ELEVATED_BAR,ELEVATED_BAR,ELEVATED_BAR,ELEVATED_BAR
2025-04-02,-3.5509584664536744,313,OOS (2025),ELEVATED_BAR,ELEVATED_BAR,ELEVATED_BAR,ELEVATED_BAR
2025-04-03,-3.702621951219512,328,OOS (2025),ELEVATED_BAR,ELEVATED_BAR,ELEVATED_BAR,ELEVATED_BAR
2025-04-04,-3.79208211143695,341,OOS (2025),ELEVATED_BAR,ELEVATED_BAR,ELEVATED_BAR,ELEVATED_BAR
2025-04-07,-3.9038757396449704,338,OOS (2025),ELEVATED_BAR,ELEVATED_BAR,ELEVATED_BAR,ELEVATED_BAR
2025-04-08,-3.964376811594203,345,OOS (2025),ELEVATED_BAR,ELEVATED_BAR,ELEVATED_BAR,ELEVATED_BAR
2025-04-09,-3.9372173913043476,345,OOS (2025),ELEVATED_BAR,ELEVATED_BAR,ELEVATED_BAR,ELEVATED_BAR
2025-04-10,-3.8907471264367817,348,OOS (2025),ELEVATED_BAR,ELEVATED_BAR,ELEVATED_BAR,ELEVATED_BAR
2025-04-11,-3.874571428571428,350,OOS (2025),ELEVATED_BAR,ELEVATED_BAR,ELEVATED_BAR,ELEVATED_BAR
2025-04-14,-3.7231976744186053,344,OOS (2025),ELEVATED_BAR,ELEVATED_BAR,ELEVATED_BAR,ELEVATED_BAR
2025-04-15,-3.707084548104956,343,OOS (2025),ELEVATED_BAR,ELEVATED_BAR,ELEVATED_BAR,ELEVATED_BAR
2025-04-16,-3.6741642228739004,341,OOS (2025),ELEVATED_BAR,ELEVATED_BAR,ELEVATED_BAR,ELEVATED_BAR
2025-04-17,-3.6741642228739004,341,OOS (2025),ELEVATED_BAR,ELEVATED_BAR,ELEVATED_BAR,ELEVATED_BAR
2025-04-18,-3.6741642228739004,341,OOS (2025),ELEVATED_BAR,ELEVATED_BAR,ELEVATED_BAR,ELEVATED_BAR
2025-04-21,-3.684210526315789,342,OOS (2025),ELEVATED_BAR,ELEVATED_BAR,ELEVATED_BAR,ELEVATED_BAR
2025-04-22,-3.61310650887574,338,OOS (2025),ELEVATED_BAR,ELEVATED_BAR,ELEVATED_BAR,ELEVATED_BAR
2025-04-23,-3.384263322884012,319,OOS (2025),ELEVATED_BAR,ELEVATED_BAR,ELEVATED_BAR,ELEVATED_BAR
2025-04-24,-3.384263322884012,319,OOS (2025),ELEVATED_BAR,ELEVATED_BAR,ELEVATED_BAR,ELEVATED_BAR
2025-04-25,-3.384263322884012,319,OOS (2025),ELEVATED_BAR,ELEVATED_BAR,ELEVATED_BAR,ELEVATED_BAR
2025-04-28,-3.2222112211221114,303,OOS (2025),ELEVATED_BAR,ELEVATED_BAR,ELEVATED_BAR,ELEVATED_BAR
2025-04-29,-3.114463087248321,298,OOS (2025),ELEVATED_BAR,ELEVATED_BAR,ELEVATED_BAR,ELEVATED_BAR
2025-04-30,-3.1953608247422687,291,OOS (2025),ELEVATED_BAR,ELEVATED_BAR,ELEVATED_BAR,ELEVATED_BAR
2025-05-01,-3.1953608247422687,291,OOS (2025),ELEVATED_BAR,ELEVATED_BAR,ELEVATED_BAR,ELEVATED_BAR
2025-05-02,-3.1984246575342468,292,OOS (2025),ELEVATED_BAR,ELEVATED_BAR,ELEVATED_BAR,ELEVATED_BAR
2025-05-05,-2.529488188976378,254,OOS (2025),ELEVATED_BAR,ELEVATED_BAR,ELEVATED_BAR,ELEVATED_BAR
2025-05-06,-2.1349787234042554,235,OOS (2025),ELEVATED_BAR,ELEVATED_BAR,ELEVATED_BAR,ELEVATED_BAR
2025-05-07,-2.138628318584071,226,OOS (2025),ELEVATED_BAR,ELEVATED_BAR,ELEVATED_BAR,ELEVATED_BAR
2025-05-08,-2.138628318584071,226,OOS (2025),ELEVATED_BAR,ELEVATED_BAR,ELEVATED_BAR,ELEVATED_BAR
2025-05-09,-2.1760262008733626,229,OOS (2025),ELEVATED_BAR,ELEVATED_BAR,ELEVATED_BAR,ELEVATED_BAR
2025-05-12,-1.2903743315508023,187,OOS (2025),ELEVATED_BAR,ELEVATED_BAR,ELEVATED_BAR,NORMAL
2025-05-13,-1.0066265060240964,166,OOS (2025),ELEVATED_BAR,ELEVATED_BAR,ELEVATED_BAR,NORMAL
2025-05-14,-1.2650303030303032,165,OOS (2025),ELEVATED_BAR,ELEVATED_BAR,ELEVATED_BAR,NORMAL
2025-05-15,-1.1711445783132532,166,OOS (2025),ELEVATED_BAR,ELEVATED_BAR,ELEVATED_BAR,NORMAL
2025-05-16,-1.1711445783132532,166,OOS (2025),ELEVATED_BAR,ELEVATED_BAR,ELEVATED_BAR,NORMAL
2025-05-19,-1.9564539007092199,141,OOS (2025),ELEVATED_BAR,ELEVATED_BAR,ELEVATED_BAR,ELEVATED_BAR
2025-05-20,-1.9468800000000004,125,OOS (2025),ELEVATED_BAR,ELEVATED_BAR,ELEVATED_BAR,ELEVATED_BAR
2025-05-21,-1.5280314960629922,127,OOS (2025),ELEVATED_BAR,ELEVATED_BAR,ELEVATED_BAR,ELEVATED_BAR
2025-05-22,-1.2624812030075188,133,OOS (2025),ELEVATED_BAR,ELEVATED_BAR,ELEVATED_BAR,NORMAL
2025-05-23,-1.1010071942446042,139,OOS (2025),ELEVATED_BAR,ELEVATED_BAR,ELEVATED_BAR,NORMAL
2025-05-26,-1.6350000000000002,122,OOS (2025),ELEVATED_BAR,ELEVATED_BAR,ELEVATED_BAR,ELEVATED_BAR
2025-05-27,-1.0746666666666669,120,OOS (2025),ELEVATED_BAR,ELEVATED_BAR,ELEVATED_BAR,NORMAL
2025-05-28,-0.9016363636363638,110,OOS (2025),ELEVATED_BAR,ELEVATED_BAR,NORMAL,NORMAL
2025-05-29,-0.3644067796610171,118,OOS (2025),ELEVATED_BAR,NORMAL,NORMAL,NORMAL
2025-05-30,-0.21495867768595053,121,OOS (2025),ELEVATED_BAR,NORMAL,NORMAL,NORMAL
2025-06-02,0.0752586206896552,116,OOS (2025),NORMAL,NORMAL,NORMAL,NORMAL
2025-06-03,2.3484545454545454,110,OOS (2025),NORMAL,NORMAL,NORMAL,NORMAL
2025-06-04,3.347474747474747,99,OOS (2025),NORMAL,NORMAL,NORMAL,NORMAL
2025-06-05,4.034915254237288,118,OOS (2025),NORMAL,NORMAL,NORMAL,NORMAL
2025-06-06,5.463611111111111,144,OOS (2025),NORMAL,NORMAL,NORMAL,NORMAL
2025-06-09,6.544654088050314,159,OOS (2025),NORMAL,NORMAL,NORMAL,NORMAL
2025-06-10,6.498881987577641,161,OOS (2025),NORMAL,NORMAL,NORMAL,NORMAL
2025-06-11,6.379880952380952,168,OOS (2025),NORMAL,NORMAL,NORMAL,NORMAL
2025-06-12,6.538181818181819,198,OOS (2025),NORMAL,NORMAL,NORMAL,NORMAL
2025-06-13,6.5053947368421055,228,OOS (2025),NORMAL,NORMAL,NORMAL,NORMAL
2025-06-16,6.3050957854406136,261,OOS (2025),NORMAL,NORMAL,NORMAL,NORMAL
2025-06-17,6.24884328358209,268,OOS (2025),NORMAL,NORMAL,NORMAL,NORMAL
2025-06-18,6.162161172161172,273,OOS (2025),NORMAL,NORMAL,NORMAL,NORMAL
2025-06-19,6.162161172161172,273,OOS (2025),NORMAL,NORMAL,NORMAL,NORMAL
2025-06-20,6.255416666666667,312,OOS (2025),NORMAL,NORMAL,NORMAL,NORMAL
2025-06-23,6.185295950155763,321,OOS (2025),NORMAL,NORMAL,NORMAL,NORMAL
2025-06-24,6.174751552795031,322,OOS (2025),NORMAL,NORMAL,NORMAL,NORMAL
2025-06-25,6.0551987767584095,327,OOS (2025),NORMAL,NORMAL,NORMAL,NORMAL
2025-06-26,6.012256097560975,328,OOS (2025),NORMAL,NORMAL,NORMAL,NORMAL
2025-06-27,5.9893636363636364,330,OOS (2025),NORMAL,NORMAL,NORMAL,NORMAL
2025-06-30,5.97487951807229,332,OOS (2025),NORMAL,NORMAL,NORMAL,NORMAL
2025-07-01,5.97487951807229,332,OOS (2025),NORMAL,NORMAL,NORMAL,NORMAL
2025-07-02,6.005287009063444,331,OOS (2025),NORMAL,NORMAL,NORMAL,NORMAL
2025-07-03,6.009099099099099,333,OOS (2025),NORMAL,NORMAL,NORMAL,NORMAL
2025-07-04,6.009099099099099,333,OOS (2025),NORMAL,NORMAL,NORMAL,NORMAL
2025-07-07,6.037134328358209,335,OOS (2025),NORMAL,NORMAL,NORMAL,NORMAL
2025-07-08,6.028187134502923,342,OOS (2025),NORMAL,NORMAL,NORMAL,NORMAL
2025-07-09,6.125722713864307,339,OOS (2025),NORMAL,NORMAL,NORMAL,NORMAL
2025-07-10,6.125722713864307,339,OOS (2025),NORMAL,NORMAL,NORMAL,NORMAL
2025-07-11,6.17672463768116,345,OOS (2025),NORMAL,NORMAL,NORMAL,NORMAL
2025-07-14,6.572228739002933,341,OOS (2025),NORMAL,NORMAL,NORMAL,NORMAL
2025-07-15,6.549441176470589,340,OOS (2025),NORMAL,NORMAL,NORMAL,NORMAL
2025-07-16,6.549441176470589,340,OOS (2025),NORMAL,NORMAL,NORMAL,NORMAL
2025-07-17,6.511341107871721,343,OOS (2025),NORMAL,NORMAL,NORMAL,NORMAL
2025-07-18,6.534069767441861,344,OOS (2025),NORMAL,NORMAL,NORMAL,NORMAL
2025-07-21,6.516948640483383,331,OOS (2025),NORMAL,NORMAL,NORMAL,NORMAL
2025-07-22,6.5568,325,OOS (2025),NORMAL,NORMAL,NORMAL,NORMAL
2025-07-23,6.633781250000001,320,OOS (2025),NORMAL,NORMAL,NORMAL,NORMAL
2025-07-24,6.606677018633541,322,OOS (2025),NORMAL,NORMAL,NORMAL,NORMAL
2025-07-25,6.65390092879257,323,OOS (2025),NORMAL,NORMAL,NORMAL,NORMAL
2025-07-28,6.438899371069183,318,OOS (2025),NORMAL,NORMAL,NORMAL,NORMAL
2025-07-29,6.374147909967846,311,OOS (2025),NORMAL,NORMAL,NORMAL,NORMAL
2025-07-30,6.3210032362459545,309,OOS (2025),NORMAL,NORMAL,NORMAL,NORMAL
2025-07-31,6.122811501597444,313,OOS (2025),NORMAL,NORMAL,NORMAL,NORMAL
2025-08-01,6.0279430379746834,316,OOS (2025),NORMAL,NORMAL,NORMAL,NORMAL
2025-08-04,5.825838926174496,298,OOS (2025),NORMAL,NORMAL,NORMAL,NORMAL
2025-08-05,5.676321428571428,280,OOS (2025),NORMAL,NORMAL,NORMAL,NORMAL
2025-08-06,4.8726070038910505,257,OOS (2025),NORMAL,NORMAL,NORMAL,NORMAL
2025-08-07,4.8858301158301165,259,OOS (2025),NORMAL,NORMAL,NORMAL,NORMAL
2025-08-08,4.709733840304183,263,OOS (2025),NORMAL,NORMAL,NORMAL,NORMAL
2025-08-11,4.41551111111111,225,OOS (2025),NORMAL,NORMAL,NORMAL,NORMAL
2025-08-12,3.878265306122449,196,OOS (2025),NORMAL,NORMAL,NORMAL,NORMAL
2025-08-13,3.442590361445783,166,OOS (2025),NORMAL,NORMAL,NORMAL,NORMAL
2025-08-14,3.373053892215569,167,OOS (2025),NORMAL,NORMAL,NORMAL,NORMAL
2025-08-15,3.3966071428571434,168,OOS (2025),NORMAL,NORMAL,NORMAL,NORMAL
2025-08-18,2.9878688524590165,122,OOS (2025),NORMAL,NORMAL,NORMAL,NORMAL
2025-08-19,2.7851999999999997,125,OOS (2025),NORMAL,NORMAL,NORMAL,NORMAL
2025-08-20,0.90438202247191,89,OOS (2025),NORMAL,NORMAL,NORMAL,NORMAL
2025-08-21,0.9407777777777779,90,OOS (2025),NORMAL,NORMAL,NORMAL,NORMAL
2025-08-22,0.8398901098901099,91,OOS (2025),NORMAL,NORMAL,NORMAL,NORMAL
2025-08-25,0.4905333333333332,75,OOS (2025),NORMAL,NORMAL,NORMAL,NORMAL
2025-08-26,0.48573333333333324,75,OOS (2025),NORMAL,NORMAL,NORMAL,NORMAL
2025-08-27,0.6502666666666664,75,OOS (2025),NORMAL,NORMAL,NORMAL,NORMAL
2025-08-28,1.215121951219512,82,OOS (2025),NORMAL,NORMAL,NORMAL,NORMAL
2025-08-29,1.584725274725275,91,OOS (2025),NORMAL,NORMAL,NORMAL,NORMAL
2025-09-01,1.4451136363636363,88,OOS (2025),NORMAL,NORMAL,NORMAL,NORMAL
2025-09-02,1.769811320754717,106,OOS (2025),NORMAL,NORMAL,NORMAL,NORMAL
2025-09-03,1.3391150442477873,113,OOS (2025),NORMAL,NORMAL,NORMAL,NORMAL
2025-09-04,1.5808208955223877,134,OOS (2025),NORMAL,NORMAL,NORMAL,NORMAL
2025-09-05,2.0528662420382164,157,OOS (2025),NORMAL,NORMAL,NORMAL,NORMAL
2025-09-08,1.8484939759036145,166,OOS (2025),NORMAL,NORMAL,NORMAL,NORMAL
2025-09-09,2.072790697674419,172,OOS (2025),NORMAL,NORMAL,NORMAL,NORMAL
2025-09-10,1.7313966480446927,179,OOS (2025),NORMAL,NORMAL,NORMAL,NORMAL
2025-09-11,2.1723737373737375,198,OOS (2025),NORMAL,NORMAL,NORMAL,NORMAL
2025-09-12,2.1642672413793105,232,OOS (2025),NORMAL,NORMAL,NORMAL,NORMAL
2025-09-15,2.3442424242424242,264,OOS (2025),NORMAL,NORMAL,NORMAL,NORMAL
2025-09-16,2.279522058823529,272,OOS (2025),NORMAL,NORMAL,NORMAL,NORMAL
2025-09-17,2.405,280,OOS (2025),NORMAL,NORMAL,NORMAL,NORMAL
2025-09-18,2.4045214521452145,303,OOS (2025),NORMAL,NORMAL,NORMAL,NORMAL
2025-09-19,2.4448773006134967,326,OOS (2025),NORMAL,NORMAL,NORMAL,NORMAL
2025-09-22,2.4299421965317918,346,OOS (2025),NORMAL,NORMAL,NORMAL,NORMAL
2025-09-23,2.4308720930232557,344,OOS (2025),NORMAL,NORMAL,NORMAL,NORMAL
2025-09-24,2.496521739130435,345,OOS (2025),NORMAL,NORMAL,NORMAL,NORMAL
2025-09-25,2.7913180515759315,349,OOS (2025),NORMAL,NORMAL,NORMAL,NORMAL
2025-09-26,2.7782,350,OOS (2025),NORMAL,NORMAL,NORMAL,NORMAL
2025-09-29,2.896942857142857,350,OOS (2025),NORMAL,NORMAL,NORMAL,NORMAL
2025-09-30,3.03664739884393,346,OOS (2025),NORMAL,NORMAL,NORMAL,NORMAL
2025-10-01,3.0547398843930638,346,OOS (2025),NORMAL,NORMAL,NORMAL,NORMAL
2025-10-02,3.0548414985590777,347,OOS (2025),NORMAL,NORMAL,NORMAL,NORMAL
2025-10-03,3.024643874643875,351,OOS (2025),NORMAL,NORMAL,NORMAL,NORMAL
2025-10-06,3.1483428571428576,350,OOS (2025),NORMAL,NORMAL,NORMAL,NORMAL
2025-10-07,3.096361031518625,349,OOS (2025),NORMAL,NORMAL,NORMAL,NORMAL
2025-10-08,3.2098550724637684,345,OOS (2025),NORMAL,NORMAL,NORMAL,NORMAL
2025-10-09,3.2098550724637684,345,OOS (2025),NORMAL,NORMAL,NORMAL,NORMAL
2025-10-10,3.268785310734463,354,OOS (2025),NORMAL,NORMAL,NORMAL,NORMAL
2025-10-13,3.4097421203438394,349,OOS (2025),NORMAL,NORMAL,NORMAL,NORMAL
2025-10-14,3.4568091168091164,351,OOS (2025),NORMAL,NORMAL,NORMAL,NORMAL
2025-10-15,3.4457428571428563,350,OOS (2025),NORMAL,NORMAL,NORMAL,NORMAL
2025-10-16,3.4100854700854697,351,OOS (2025),NORMAL,NORMAL,NORMAL,NORMAL
2025-10-17,3.3760906515580738,353,OOS (2025),NORMAL,NORMAL,NORMAL,NORMAL
2025-10-20,3.592485714285714,350,OOS (2025),NORMAL,NORMAL,NORMAL,NORMAL
2025-10-21,3.5908022922636103,349,OOS (2025),NORMAL,NORMAL,NORMAL,NORMAL
2025-10-22,3.6137249283667625,349,OOS (2025),NORMAL,NORMAL,NORMAL,NORMAL
2025-10-23,3.6137249283667625,349,OOS (2025),NORMAL,NORMAL,NORMAL,NORMAL
2025-10-24,3.6137249283667625,349,OOS (2025),NORMAL,NORMAL,NORMAL,NORMAL
2025-10-27,3.639077809798271,347,OOS (2025),NORMAL,NORMAL,NORMAL,NORMAL
2025-10-28,3.564382352941176,340,OOS (2025),NORMAL,NORMAL,NORMAL,NORMAL
2025-10-29,3.4508708708708706,333,OOS (2025),NORMAL,NORMAL,NORMAL,NORMAL
2025-10-30,3.3403273809523806,336,OOS (2025),NORMAL,NORMAL,NORMAL,NORMAL
2025-10-31,3.2038235294117645,340,OOS (2025),NORMAL,NORMAL,NORMAL,NORMAL
2025-11-03,3.3009177215189878,316,OOS (2025),NORMAL,NORMAL,NORMAL,NORMAL
2025-11-04,3.1568896321070232,299,OOS (2025),NORMAL,NORMAL,NORMAL,NORMAL
2025-11-05,2.979241877256318,277,OOS (2025),NORMAL,NORMAL,NORMAL,NORMAL
2025-11-06,2.6579298245614034,285,OOS (2025),NORMAL,NORMAL,NORMAL,NORMAL
2025-11-07,2.6579298245614034,285,OOS (2025),NORMAL,NORMAL,NORMAL,NORMAL
2025-11-10,2.63396,250,OOS (2025),NORMAL,NORMAL,NORMAL,NORMAL
2025-11-11,2.33021645021645,231,OOS (2025),NORMAL,NORMAL,NORMAL,NORMAL
2025-11-12,2.311717171717172,198,OOS (2025),NORMAL,NORMAL,NORMAL,NORMAL
2025-11-13,1.7053521126760565,213,OOS (2025),NORMAL,NORMAL,NORMAL,NORMAL
2025-11-14,1.559444444444444,216,OOS (2025),NORMAL,NORMAL,NORMAL,NORMAL
2025-11-17,0.09432748538011693,171,OOS (2025),NORMAL,NORMAL,NORMAL,NORMAL
2025-11-18,-0.6791719745222929,157,OOS (2025),ELEVATED_BAR,ELEVATED_BAR,NORMAL,NORMAL
2025-11-19,-1.5394927536231888,138,OOS (2025),ELEVATED_BAR,ELEVATED_BAR,ELEVATED_BAR,ELEVATED_BAR
2025-11-20,-2.257088607594936,158,OOS (2025),ELEVATED_BAR,ELEVATED_BAR,ELEVATED_BAR,ELEVATED_BAR
2025-11-21,-2.257088607594936,158,OOS (2025),ELEVATED_BAR,ELEVATED_BAR,ELEVATED_BAR,ELEVATED_BAR
2025-11-24,-3.4522794117647053,136,OOS (2025),ELEVATED_BAR,ELEVATED_BAR,ELEVATED_BAR,ELEVATED_BAR
2025-11-25,-4.411969696969696,132,OOS (2025),ELEVATED_BAR,ELEVATED_BAR,ELEVATED_BAR,ELEVATED_BAR
2025-11-26,-4.4319083969465645,131,OOS (2025),ELEVATED_BAR,ELEVATED_BAR,ELEVATED_BAR,ELEVATED_BAR
2025-11-27,-4.4319083969465645,131,OOS (2025),ELEVATED_BAR,ELEVATED_BAR,ELEVATED_BAR,ELEVATED_BAR
2025-11-28,-3.542847222222222,144,OOS (2025),ELEVATED_BAR,ELEVATED_BAR,ELEVATED_BAR,ELEVATED_BAR
2025-12-01,-3.4059459459459456,148,OOS (2025),ELEVATED_BAR,ELEVATED_BAR,ELEVATED_BAR,ELEVATED_BAR
2025-12-02,-3.0535064935064935,154,OOS (2025),ELEVATED_BAR,ELEVATED_BAR,ELEVATED_BAR,ELEVATED_BAR
2025-12-03,-2.9522875816993457,153,OOS (2025),ELEVATED_BAR,ELEVATED_BAR,ELEVATED_BAR,ELEVATED_BAR
2025-12-04,-2.4257738095238093,168,OOS (2025),ELEVATED_BAR,ELEVATED_BAR,ELEVATED_BAR,ELEVATED_BAR
2025-12-05,-2.1185555555555555,180,OOS (2025),ELEVATED_BAR,ELEVATED_BAR,ELEVATED_BAR,ELEVATED_BAR
2025-12-08,-2.0530256410256413,195,OOS (2025),ELEVATED_BAR,ELEVATED_BAR,ELEVATED_BAR,ELEVATED_BAR
2025-12-09,-1.953781094527364,201,OOS (2025),ELEVATED_BAR,ELEVATED_BAR,ELEVATED_BAR,ELEVATED_BAR
2025-12-10,-2.13325,200,OOS (2025),ELEVATED_BAR,ELEVATED_BAR,ELEVATED_BAR,ELEVATED_BAR
2025-12-11,-1.7056164383561647,219,OOS (2025),ELEVATED_BAR,ELEVATED_BAR,ELEVATED_BAR,ELEVATED_BAR
2025-12-12,-0.9836178861788617,246,OOS (2025),ELEVATED_BAR,ELEVATED_BAR,NORMAL,NORMAL
2025-12-15,-0.4941818181818182,275,OOS (2025),ELEVATED_BAR,NORMAL,NORMAL,NORMAL
2025-12-16,-0.2898965517241377,290,OOS (2025),ELEVATED_BAR,NORMAL,NORMAL,NORMAL
2025-12-17,-0.22056666666666666,300,OOS (2025),ELEVATED_BAR,NORMAL,NORMAL,NORMAL
2025-12-18,0.08311526479750786,321,OOS (2025),NORMAL,NORMAL,NORMAL,NORMAL
2025-12-19,0.22169590643274847,342,OOS (2025),NORMAL,NORMAL,NORMAL,NORMAL
2025-12-22,0.37867977528089886,356,OOS (2025),NORMAL,NORMAL,NORMAL,NORMAL
2025-12-23,0.39228412256267414,359,OOS (2025),NORMAL,NORMAL,NORMAL,NORMAL
2025-12-24,0.39919667590027696,361,OOS (2025),NORMAL,NORMAL,NORMAL,NORMAL
2025-12-25,0.39919667590027696,361,OOS (2025),NORMAL,NORMAL,NORMAL,NORMAL
2025-12-26,0.3985674931129477,363,OOS (2025),NORMAL,NORMAL,NORMAL,NORMAL
2025-12-29,0.4718611111111112,360,OOS (2025),NORMAL,NORMAL,NORMAL,NORMAL
2025-12-30,0.5508683473389356,357,OOS (2025),NORMAL,NORMAL,NORMAL,NORMAL
2025-12-31,0.6507365439093485,353,OOS (2025),NORMAL,NORMAL,NORMAL,NORMAL
2026-01-01,0.6507365439093485,353,2026 (partial),NORMAL,NORMAL,NORMAL,NORMAL
2026-01-02,0.7365555555555556,360,2026 (partial),NORMAL,NORMAL,NORMAL,NORMAL
2026-01-05,0.8542936288088644,361,2026 (partial),NORMAL,NORMAL,NORMAL,NORMAL
2026-01-06,1.0655524079320113,353,2026 (partial),NORMAL,NORMAL,NORMAL,NORMAL
2026-01-07,1.0876271186440678,354,2026 (partial),NORMAL,NORMAL,NORMAL,NORMAL
2026-01-08,1.0901408450704226,355,2026 (partial),NORMAL,NORMAL,NORMAL,NORMAL
2026-01-09,1.0813649025069638,359,2026 (partial),NORMAL,NORMAL,NORMAL,NORMAL
2026-01-12,1.156011235955056,356,2026 (partial),NORMAL,NORMAL,NORMAL,NORMAL
2026-01-13,1.4449707602339181,342,2026 (partial),NORMAL,NORMAL,NORMAL,NORMAL
2026-01-14,1.5356342182890854,339,2026 (partial),NORMAL,NORMAL,NORMAL,NORMAL
2026-01-15,1.503264705882353,340,2026 (partial),NORMAL,NORMAL,NORMAL,NORMAL
2026-01-16,1.4715542521994136,341,2026 (partial),NORMAL,NORMAL,NORMAL,NORMAL
2026-01-19,2.2911428571428574,315,2026 (partial),NORMAL,NORMAL,NORMAL,NORMAL
2026-01-20,2.9639,300,2026 (partial),NORMAL,NORMAL,NORMAL,NORMAL
2026-01-21,2.9639,300,2026 (partial),NORMAL,NORMAL,NORMAL,NORMAL
2026-01-22,2.9800993377483445,302,2026 (partial),NORMAL,NORMAL,NORMAL,NORMAL
2026-01-23,3.0229605263157895,304,2026 (partial),NORMAL,NORMAL,NORMAL,NORMAL
2026-01-26,3.033815789473684,304,2026 (partial),NORMAL,NORMAL,NORMAL,NORMAL
2026-01-27,3.033815789473684,304,2026 (partial),NORMAL,NORMAL,NORMAL,NORMAL
2026-01-28,2.9273883161512027,291,2026 (partial),NORMAL,NORMAL,NORMAL,NORMAL
2026-01-29,2.837747440273038,293,2026 (partial),NORMAL,NORMAL,NORMAL,NORMAL
2026-01-30,3.0063050847457626,295,2026 (partial),NORMAL,NORMAL,NORMAL,NORMAL
2026-02-02,3.000824372759857,279,2026 (partial),NORMAL,NORMAL,NORMAL,NORMAL
2026-02-03,2.8943656716417907,268,2026 (partial),NORMAL,NORMAL,NORMAL,NORMAL
2026-02-04,2.72824427480916,262,2026 (partial),NORMAL,NORMAL,NORMAL,NORMAL
2026-02-05,2.48187265917603,267,2026 (partial),NORMAL,NORMAL,NORMAL,NORMAL
2026-02-06,2.48187265917603,267,2026 (partial),NORMAL,NORMAL,NORMAL,NORMAL
2026-02-09,2.548151260504202,238,2026 (partial),NORMAL,NORMAL,NORMAL,NORMAL
2026-02-10,2.390678733031674,221,2026 (partial),NORMAL,NORMAL,NORMAL,NORMAL
2026-02-11,1.7073134328358213,201,2026 (partial),NORMAL,NORMAL,NORMAL,NORMAL
2026-02-12,0.7530275229357797,218,2026 (partial),NORMAL,NORMAL,NORMAL,NORMAL
2026-02-13,0.7533333333333332,219,2026 (partial),NORMAL,NORMAL,NORMAL,NORMAL
2026-02-16,-0.07383647798742109,159,2026 (partial),ELEVATED_BAR,NORMAL,NORMAL,NORMAL
2026-02-17,-0.7082142857142851,140,2026 (partial),ELEVATED_BAR,ELEVATED_BAR,NORMAL,NORMAL
2026-02-18,-1.2461344537815129,119,2026 (partial),ELEVATED_BAR,ELEVATED_BAR,ELEVATED_BAR,NORMAL
2026-02-19,-1.1827868852459018,122,2026 (partial),ELEVATED_BAR,ELEVATED_BAR,ELEVATED_BAR,NORMAL
2026-02-20,-1.1806451612903228,124,2026 (partial),ELEVATED_BAR,ELEVATED_BAR,ELEVATED_BAR,NORMAL
2026-02-23,-2.83875,112,2026 (partial),ELEVATED_BAR,ELEVATED_BAR,ELEVATED_BAR,ELEVATED_BAR
2026-02-24,-2.790088495575221,113,2026 (partial),ELEVATED_BAR,ELEVATED_BAR,ELEVATED_BAR,ELEVATED_BAR
2026-02-25,-2.8454954954954954,111,2026 (partial),ELEVATED_BAR,ELEVATED_BAR,ELEVATED_BAR,ELEVATED_BAR
2026-02-26,-2.8420535714285715,112,2026 (partial),ELEVATED_BAR,ELEVATED_BAR,ELEVATED_BAR,ELEVATED_BAR
2026-02-27,-2.9646086956521738,115,2026 (partial),ELEVATED_BAR,ELEVATED_BAR,ELEVATED_BAR,ELEVATED_BAR
2026-03-02,-3.0294871794871794,117,2026 (partial),ELEVATED_BAR,ELEVATED_BAR,ELEVATED_BAR,ELEVATED_BAR
2026-03-03,-2.0817322834645675,127,2026 (partial),ELEVATED_BAR,ELEVATED_BAR,ELEVATED_BAR,ELEVATED_BAR
2026-03-04,-2.580806451612903,124,2026 (partial),ELEVATED_BAR,ELEVATED_BAR,ELEVATED_BAR,ELEVATED_BAR
2026-03-05,-2.6447260273972604,146,2026 (partial),ELEVATED_BAR,ELEVATED_BAR,ELEVATED_BAR,ELEVATED_BAR
2026-03-06,-2.9608771929824558,171,2026 (partial),ELEVATED_BAR,ELEVATED_BAR,ELEVATED_BAR,ELEVATED_BAR
2026-03-09,-3.0787951807228917,166,2026 (partial),ELEVATED_BAR,ELEVATED_BAR,ELEVATED_BAR,ELEVATED_BAR
2026-03-10,-3.1498305084745764,177,2026 (partial),ELEVATED_BAR,ELEVATED_BAR,ELEVATED_BAR,ELEVATED_BAR
2026-03-11,-3.187845303867404,181,2026 (partial),ELEVATED_BAR,ELEVATED_BAR,ELEVATED_BAR,ELEVATED_BAR
2026-03-12,-3.499423076923077,208,2026 (partial),ELEVATED_BAR,ELEVATED_BAR,ELEVATED_BAR,ELEVATED_BAR
2026-03-13,-3.512837209302325,215,2026 (partial),ELEVATED_BAR,ELEVATED_BAR,ELEVATED_BAR,ELEVATED_BAR
2026-03-16,-3.154977578475336,223,2026 (partial),ELEVATED_BAR,ELEVATED_BAR,ELEVATED_BAR,ELEVATED_BAR
2026-03-17,-2.8906086956521735,230,2026 (partial),ELEVATED_BAR,ELEVATED_BAR,ELEVATED_BAR,ELEVATED_BAR
2026-03-18,-2.828403361344537,238,2026 (partial),ELEVATED_BAR,ELEVATED_BAR,ELEVATED_BAR,ELEVATED_BAR
2026-03-19,-2.726745098039216,255,2026 (partial),ELEVATED_BAR,ELEVATED_BAR,ELEVATED_BAR,ELEVATED_BAR
2026-03-20,-2.911263537906137,277,2026 (partial),ELEVATED_BAR,ELEVATED_BAR,ELEVATED_BAR,ELEVATED_BAR
2026-03-23,-2.9501403508771933,285,2026 (partial),ELEVATED_BAR,ELEVATED_BAR,ELEVATED_BAR,ELEVATED_BAR
2026-03-24,-3.0779238754325258,289,2026 (partial),ELEVATED_BAR,ELEVATED_BAR,ELEVATED_BAR,ELEVATED_BAR
2026-03-25,-3.228972602739726,292,2026 (partial),ELEVATED_BAR,ELEVATED_BAR,ELEVATED_BAR,ELEVATED_BAR
2026-03-26,-3.0751677852348993,298,2026 (partial),ELEVATED_BAR,ELEVATED_BAR,ELEVATED_BAR,ELEVATED_BAR
2026-03-27,-3.060097087378641,309,2026 (partial),ELEVATED_BAR,ELEVATED_BAR,ELEVATED_BAR,ELEVATED_BAR
2026-03-30,-3.0229903536977494,311,2026 (partial),ELEVATED_BAR,ELEVATED_BAR,ELEVATED_BAR,ELEVATED_BAR
2026-03-31,-2.946741214057508,313,2026 (partial),ELEVATED_BAR,ELEVATED_BAR,ELEVATED_BAR,ELEVATED_BAR
2026-04-01,-3.0957188498402557,313,2026 (partial),ELEVATED_BAR,ELEVATED_BAR,ELEVATED_BAR,ELEVATED_BAR
2026-04-02,-3.030441640378549,317,2026 (partial),ELEVATED_BAR,ELEVATED_BAR,ELEVATED_BAR,ELEVATED_BAR
2026-04-03,-3.030441640378549,317,2026 (partial),ELEVATED_BAR,ELEVATED_BAR,ELEVATED_BAR,ELEVATED_BAR
2026-04-06,-2.7990095846645366,313,2026 (partial),ELEVATED_BAR,ELEVATED_BAR,ELEVATED_BAR,ELEVATED_BAR
2026-04-07,-2.675162337662338,308,2026 (partial),ELEVATED_BAR,ELEVATED_BAR,ELEVATED_BAR,ELEVATED_BAR
2026-04-08,-2.5194551282051285,312,2026 (partial),ELEVATED_BAR,ELEVATED_BAR,ELEVATED_BAR,ELEVATED_BAR
2026-04-09,-2.4970700636942675,314,2026 (partial),ELEVATED_BAR,ELEVATED_BAR,ELEVATED_BAR,ELEVATED_BAR
2026-04-10,-2.582888198757764,322,2026 (partial),ELEVATED_BAR,ELEVATED_BAR,ELEVATED_BAR,ELEVATED_BAR
2026-04-13,-2.2269230769230766,312,2026 (partial),ELEVATED_BAR,ELEVATED_BAR,ELEVATED_BAR,ELEVATED_BAR
2026-04-14,-1.7719256756756754,296,2026 (partial),ELEVATED_BAR,ELEVATED_BAR,ELEVATED_BAR,ELEVATED_BAR
2026-04-15,-1.768277027027027,296,2026 (partial),ELEVATED_BAR,ELEVATED_BAR,ELEVATED_BAR,ELEVATED_BAR
2026-04-16,-1.7274161073825502,298,2026 (partial),ELEVATED_BAR,ELEVATED_BAR,ELEVATED_BAR,ELEVATED_BAR
2026-04-17,-1.7274161073825502,298,2026 (partial),ELEVATED_BAR,ELEVATED_BAR,ELEVATED_BAR,ELEVATED_BAR
2026-04-20,-1.7721812080536914,298,2026 (partial),ELEVATED_BAR,ELEVATED_BAR,ELEVATED_BAR,ELEVATED_BAR
2026-04-21,-1.8037288135593217,295,2026 (partial),ELEVATED_BAR,ELEVATED_BAR,ELEVATED_BAR,ELEVATED_BAR
2026-04-22,-1.720406779661017,295,2026 (partial),ELEVATED_BAR,ELEVATED_BAR,ELEVATED_BAR,ELEVATED_BAR
2026-04-23,-1.720406779661017,295,2026 (partial),ELEVATED_BAR,ELEVATED_BAR,ELEVATED_BAR,ELEVATED_BAR
2026-04-24,-1.720406779661017,295,2026 (partial),ELEVATED_BAR,ELEVATED_BAR,ELEVATED_BAR,ELEVATED_BAR
2026-04-27,-1.6428873239436617,284,2026 (partial),ELEVATED_BAR,ELEVATED_BAR,ELEVATED_BAR,ELEVATED_BAR
2026-04-28,-1.6225,284,2026 (partial),ELEVATED_BAR,ELEVATED_BAR,ELEVATED_BAR,ELEVATED_BAR
2026-04-29,-1.6375704225352112,284,2026 (partial),ELEVATED_BAR,ELEVATED_BAR,ELEVATED_BAR,ELEVATED_BAR
2026-04-30,-1.6375704225352112,284,2026 (partial),ELEVATED_BAR,ELEVATED_BAR,ELEVATED_BAR,ELEVATED_BAR
2026-05-01,-1.556013986013986,286,2026 (partial),ELEVATED_BAR,ELEVATED_BAR,ELEVATED_BAR,ELEVATED_BAR
2026-05-04,-2.1074910394265234,279,2026 (partial),ELEVATED_BAR,ELEVATED_BAR,ELEVATED_BAR,ELEVATED_BAR
2026-05-05,-2.030661478599222,257,2026 (partial),ELEVATED_BAR,ELEVATED_BAR,ELEVATED_BAR,ELEVATED_BAR
2026-05-06,-1.7916239316239317,234,2026 (partial),ELEVATED_BAR,ELEVATED_BAR,ELEVATED_BAR,ELEVATED_BAR
2026-05-07,-1.7791949152542372,236,2026 (partial),ELEVATED_BAR,ELEVATED_BAR,ELEVATED_BAR,ELEVATED_BAR
2026-05-08,-1.8802510460251043,239,2026 (partial),ELEVATED_BAR,ELEVATED_BAR,ELEVATED_BAR,ELEVATED_BAR
2026-05-11,-2.1051339285714286,224,2026 (partial),ELEVATED_BAR,ELEVATED_BAR,ELEVATED_BAR,ELEVATED_BAR
2026-05-12,-1.6000980392156863,204,2026 (partial),ELEVATED_BAR,ELEVATED_BAR,ELEVATED_BAR,ELEVATED_BAR
2026-05-13,-1.5477777777777777,207,2026 (partial),ELEVATED_BAR,ELEVATED_BAR,ELEVATED_BAR,ELEVATED_BAR
2026-05-14,-1.7006603773584903,212,2026 (partial),ELEVATED_BAR,ELEVATED_BAR,ELEVATED_BAR,ELEVATED_BAR
2026-05-15,-1.7481858407079645,226,2026 (partial),ELEVATED_BAR,ELEVATED_BAR,ELEVATED_BAR,ELEVATED_BAR
2026-05-18,-2.140377358490566,212,2026 (partial),ELEVATED_BAR,ELEVATED_BAR,ELEVATED_BAR,ELEVATED_BAR
2026-05-19,-2.534734299516908,207,2026 (partial),ELEVATED_BAR,ELEVATED_BAR,ELEVATED_BAR,ELEVATED_BAR
2026-05-20,-2.2675806451612903,186,2026 (partial),ELEVATED_BAR,ELEVATED_BAR,ELEVATED_BAR,ELEVATED_BAR
2026-05-21,-2.3746560846560842,189,2026 (partial),ELEVATED_BAR,ELEVATED_BAR,ELEVATED_BAR,ELEVATED_BAR
2026-05-22,-2.329476439790576,191,2026 (partial),ELEVATED_BAR,ELEVATED_BAR,ELEVATED_BAR,ELEVATED_BAR
2026-05-25,-2.1652095808383227,167,2026 (partial),ELEVATED_BAR,ELEVATED_BAR,ELEVATED_BAR,ELEVATED_BAR
2026-05-26,-2.4705357142857145,168,2026 (partial),ELEVATED_BAR,ELEVATED_BAR,ELEVATED_BAR,ELEVATED_BAR
2026-05-27,-2.3259748427672955,159,2026 (partial),ELEVATED_BAR,ELEVATED_BAR,ELEVATED_BAR,ELEVATED_BAR
2026-05-28,-2.3656172839506175,162,2026 (partial),ELEVATED_BAR,ELEVATED_BAR,ELEVATED_BAR,ELEVATED_BAR
2026-05-29,-2.218863636363636,176,2026 (partial),ELEVATED_BAR,ELEVATED_BAR,ELEVATED_BAR,ELEVATED_BAR
2026-06-01,-2.586703296703297,182,2026 (partial),ELEVATED_BAR,ELEVATED_BAR,ELEVATED_BAR,ELEVATED_BAR
2026-06-02,-2.7504232804232807,189,2026 (partial),ELEVATED_BAR,ELEVATED_BAR,ELEVATED_BAR,ELEVATED_BAR
2026-06-03,-2.2348,200,2026 (partial),ELEVATED_BAR,ELEVATED_BAR,ELEVATED_BAR,ELEVATED_BAR
2026-06-04,0.381361502347418,426,2026 (partial),NORMAL,NORMAL,NORMAL,NORMAL
